<?xml version='1.0' encoding='ISO-8859-1' ?>
<File Type='Page' Version='5.1.0'>
<Control Type='Subpage' Name='[House Control] Lights House'>
<Position Units='Pixels' X='0' Y='0' />
<Size Units='Pixels' Width='635' Height='550' />
<VisualStyles>
<VisualStyle>
<Background>
<Color  R='0' G='1' B='0.25098' A='0' />
</Background>
</VisualStyle>
</VisualStyles>
<Control Type='Button' Name='Button'>
<Position Units='Pixels' X='46' Y='491' />
<Size Units='Pixels' Width='102' Height='45' />
<VisualStyles>
<VisualStyle State='0' Mode='0'>
<Face Type='2D'>
<Color  R='0.752941' G='0.752941' B='0.752941' A='0' />
</Face>
<Image Id='21' Alpha='1' FillMode='0' />
<Text Id='145' FontId='1' Alignment='CenterCenter' Wrap='False'>
<Color  R='1' G='1' B='1' A='1' />
</Text>
</VisualStyle>
<VisualStyle State='1' Mode='0'>
<Face Type='2D'>
<Color  R='0.752941' G='0.752941' B='0.752941' A='0' />
</Face>
<Image Id='22' Alpha='1' FillMode='0' />
<Text Id='145' FontId='1' Alignment='CenterCenter' Wrap='False'>
<Color  R='0' G='0' B='0' A='1' />
</Text>
</VisualStyle>
</VisualStyles>
<Bindings>
<Binding Id='310' Type='Digital' Property='State'/>
</Bindings>
<Commands>
<Command Action='TouchDown' Id='310' Type='Digital' Value='True' />
<Command Action='TouchUp' Id='310' Type='Digital' Value='False' />
</Commands>
</Control>
<Control Type='Button' Name='Text'>
<Position Units='Pixels' X='117' Y='106' />
<Size Units='Pixels' Width='143' Height='34' />
<VisualStyles>
<VisualStyle State='0' Mode='0'>
<Text FontId='3' Alignment='CenterLeft' Wrap='False'>
<Bindings>
<Binding Id='192' Type='Serial' Property='Text'/>
</Bindings>
<Color  R='0.917647' G='0.917647' B='0.917647' A='1' />
</Text>
</VisualStyle>
</VisualStyles>
</Control>
<Control Type='Button' Name='Text'>
<Position Units='Pixels' X='1' Y='50' />
<Size Units='Pixels' Width='143' Height='34' />
<VisualStyles>
<VisualStyle State='0' Mode='0'>
<Text FontId='3' Alignment='CenterLeft' Wrap='False'>
<Bindings>
<Binding Id='191' Type='Serial' Property='Text'/>
</Bindings>
<Color  R='0.917647' G='0.917647' B='0.917647' A='1' />
</Text>
</VisualStyle>
</VisualStyles>
</Control>
<Control Type='Button' Name='Text'>
<Position Units='Pixels' X='1' Y='162' />
<Size Units='Pixels' Width='143' Height='34' />
<VisualStyles>
<VisualStyle State='0' Mode='0'>
<Text FontId='3' Alignment='CenterLeft' Wrap='False'>
<Bindings>
<Binding Id='193' Type='Serial' Property='Text'/>
</Bindings>
<Color  R='0.917647' G='0.917647' B='0.917647' A='1' />
</Text>
</VisualStyle>
</VisualStyles>
</Control>
<Control Type='Button' Name='Button'>
<Position Units='Pixels' X='487' Y='491' />
<Size Units='Pixels' Width='102' Height='45' />
<VisualStyles>
<VisualStyle State='0' Mode='0'>
<Face Type='2D'>
<Color  R='0.752941' G='0.752941' B='0.752941' A='0' />
</Face>
<Image Id='21' Alpha='1' FillMode='0' />
<Text Id='146' FontId='1' Alignment='CenterCenter' Wrap='False'>
<Color  R='1' G='1' B='1' A='1' />
</Text>
</VisualStyle>
<VisualStyle State='1' Mode='0'>
<Face Type='2D'>
<Color  R='0.752941' G='0.752941' B='0.752941' A='0' />
</Face>
<Image Id='22' Alpha='1' FillMode='0' />
<Text Id='146' FontId='1' Alignment='CenterCenter' Wrap='False'>
<Color  R='0' G='0' B='0' A='1' />
</Text>
</VisualStyle>
</VisualStyles>
<Bindings>
<Binding Id='315' Type='Digital' Property='State'/>
</Bindings>
<Commands>
<Command Action='TouchDown' Id='315' Type='Digital' Value='True' />
<Command Action='TouchUp' Id='315' Type='Digital' Value='False' />
</Commands>
</Control>
<Control Type='Button' Name='Text'>
<Position Units='Pixels' X='60' Y='451' />
<Size Units='Pixels' Width='515' Height='37' />
<VisualStyles>
<VisualStyle State='0' Mode='0'>
<Text Id='147' FontId='1' Alignment='CenterCenter' Wrap='False'>
<Color  R='0.956863' G='0.956863' B='0.956863' A='1' />
</Text>
</VisualStyle>
</VisualStyles>
</Control>
<Control Type='Button' Name='Button'>
<Position Units='Pixels' X='451' Y='50' />
<Size Units='Pixels' Width='50' Height='34' />
<VisualStyles>
<VisualStyle State='0' Mode='0'>
<Face Type='2D'>
<Color  R='0.752941' G='0.752941' B='0.752941' A='0' />
</Face>
<Image Id='21' Alpha='1' />
<Text Id='34' FontId='20' Alignment='CenterCenter' Wrap='False'>
<Color  R='1' G='1' B='1' A='1' />
</Text>
</VisualStyle>
<VisualStyle State='1' Mode='0'>
<Face Type='2D'>
<Color  R='0.752941' G='0.752941' B='0.752941' A='0' />
</Face>
<Image Id='22' Alpha='1' FillMode='0' />
<Text Id='34' FontId='20' Alignment='CenterCenter' Wrap='False'>
<Color  R='0' G='0' B='0' A='1' />
</Text>
</VisualStyle>
</VisualStyles>
<Bindings>
<Binding Id='316' Type='Digital' Property='State'/>
</Bindings>
<Commands>
<Command Action='TouchDown' Id='316' Type='Digital' Value='True' />
<Command Action='TouchUp' Id='316' Type='Digital' Value='False' />
</Commands>
</Control>
<Control Type='Button' Name='Button'>
<Position Units='Pixels' X='159' Y='50' />
<Size Units='Pixels' Width='50' Height='34' />
<VisualStyles>
<VisualStyle State='0' Mode='0'>
<Face Type='2D'>
<Color  R='0.752941' G='0.752941' B='0.752941' A='0' />
</Face>
<Image Id='21' Alpha='1' />
<Text Id='35' FontId='20' Alignment='CenterCenter' Wrap='False'>
<Color  R='1' G='1' B='1' A='1' />
</Text>
</VisualStyle>
<VisualStyle State='1' Mode='0'>
<Face Type='2D'>
<Color  R='0.752941' G='0.752941' B='0.752941' A='0' />
</Face>
<Image Id='22' Alpha='1' FillMode='0' />
<Text Id='35' FontId='20' Alignment='CenterCenter' Wrap='False'>
<Color  R='0' G='0' B='0' A='1' />
</Text>
</VisualStyle>
</VisualStyles>
<Bindings>
<Binding Id='317' Type='Digital' Property='State'/>
</Bindings>
<Commands>
<Command Action='TouchDown' Id='317' Type='Digital' Value='True' />
<Command Action='TouchUp' Id='317' Type='Digital' Value='False' />
</Commands>
</Control>
<Control Type='Button' Name='Button'>
<Position Units='Pixels' X='275' Y='106' />
<Size Units='Pixels' Width='50' Height='34' />
<VisualStyles>
<VisualStyle State='0' Mode='0'>
<Face Type='2D'>
<Color  R='0.752941' G='0.752941' B='0.752941' A='0' />
</Face>
<Image Id='21' Alpha='1' />
<Text Id='35' FontId='20' Alignment='CenterCenter' Wrap='False'>
<Color  R='1' G='1' B='1' A='1' />
</Text>
</VisualStyle>
<VisualStyle State='1' Mode='0'>
<Face Type='2D'>
<Color  R='0.752941' G='0.752941' B='0.752941' A='0' />
</Face>
<Image Id='22' Alpha='1' FillMode='0' />
<Text Id='35' FontId='20' Alignment='CenterCenter' Wrap='False'>
<Color  R='0' G='0' B='0' A='1' />
</Text>
</VisualStyle>
</VisualStyles>
<Bindings>
<Binding Id='319' Type='Digital' Property='State'/>
</Bindings>
<Commands>
<Command Action='TouchDown' Id='319' Type='Digital' Value='True' />
<Command Action='TouchUp' Id='319' Type='Digital' Value='False' />
</Commands>
</Control>
<Control Type='Button' Name='Button'>
<Position Units='Pixels' X='567' Y='106' />
<Size Units='Pixels' Width='50' Height='34' />
<VisualStyles>
<VisualStyle State='0' Mode='0'>
<Face Type='2D'>
<Color  R='0.752941' G='0.752941' B='0.752941' A='0' />
</Face>
<Image Id='21' Alpha='1' />
<Text Id='34' FontId='20' Alignment='CenterCenter' Wrap='False'>
<Color  R='1' G='1' B='1' A='1' />
</Text>
</VisualStyle>
<VisualStyle State='1' Mode='0'>
<Face Type='2D'>
<Color  R='0.752941' G='0.752941' B='0.752941' A='0' />
</Face>
<Image Id='22' Alpha='1' FillMode='0' />
<Text Id='34' FontId='20' Alignment='CenterCenter' Wrap='False'>
<Color  R='0' G='0' B='0' A='1' />
</Text>
</VisualStyle>
</VisualStyles>
<Bindings>
<Binding Id='318' Type='Digital' Property='State'/>
</Bindings>
<Commands>
<Command Action='TouchDown' Id='318' Type='Digital' Value='True' />
<Command Action='TouchUp' Id='318' Type='Digital' Value='False' />
</Commands>
</Control>
<Control Type='Button' Name='Button'>
<Position Units='Pixels' X='159' Y='162' />
<Size Units='Pixels' Width='50' Height='34' />
<VisualStyles>
<VisualStyle State='0' Mode='0'>
<Face Type='2D'>
<Color  R='0.752941' G='0.752941' B='0.752941' A='0' />
</Face>
<Image Id='21' Alpha='1' />
<Text Id='35' FontId='20' Alignment='CenterCenter' Wrap='False'>
<Color  R='1' G='1' B='1' A='1' />
</Text>
</VisualStyle>
<VisualStyle State='1' Mode='0'>
<Face Type='2D'>
<Color  R='0.752941' G='0.752941' B='0.752941' A='0' />
</Face>
<Image Id='22' Alpha='1' FillMode='0' />
<Text Id='35' FontId='20' Alignment='CenterCenter' Wrap='False'>
<Color  R='0' G='0' B='0' A='1' />
</Text>
</VisualStyle>
</VisualStyles>
<Bindings>
<Binding Id='321' Type='Digital' Property='State'/>
</Bindings>
<Commands>
<Command Action='TouchDown' Id='321' Type='Digital' Value='True' />
<Command Action='TouchUp' Id='321' Type='Digital' Value='False' />
</Commands>
</Control>
<Control Type='Button' Name='Button'>
<Position Units='Pixels' X='451' Y='162' />
<Size Units='Pixels' Width='50' Height='34' />
<VisualStyles>
<VisualStyle State='0' Mode='0'>
<Face Type='2D'>
<Color  R='0.752941' G='0.752941' B='0.752941' A='0' />
</Face>
<Image Id='21' Alpha='1' />
<Text Id='34' FontId='20' Alignment='CenterCenter' Wrap='False'>
<Color  R='1' G='1' B='1' A='1' />
</Text>
</VisualStyle>
<VisualStyle State='1' Mode='0'>
<Face Type='2D'>
<Color  R='0.752941' G='0.752941' B='0.752941' A='0' />
</Face>
<Image Id='22' Alpha='1' FillMode='0' />
<Text Id='34' FontId='20' Alignment='CenterCenter' Wrap='False'>
<Color  R='0' G='0' B='0' A='1' />
</Text>
</VisualStyle>
</VisualStyles>
<Bindings>
<Binding Id='320' Type='Digital' Property='State'/>
</Bindings>
<Commands>
<Command Action='TouchDown' Id='320' Type='Digital' Value='True' />
<Command Action='TouchUp' Id='320' Type='Digital' Value='False' />
</Commands>
</Control>
<Control Type='Button' Name='Button'>
<Position Units='Pixels' X='275' Y='218' />
<Size Units='Pixels' Width='50' Height='34' />
<VisualStyles>
<VisualStyle State='0' Mode='0'>
<Face Type='2D'>
<Color  R='0.752941' G='0.752941' B='0.752941' A='0' />
</Face>
<Image Id='21' Alpha='1' />
<Text Id='35' FontId='20' Alignment='CenterCenter' Wrap='False'>
<Color  R='1' G='1' B='1' A='1' />
</Text>
</VisualStyle>
<VisualStyle State='1' Mode='0'>
<Face Type='2D'>
<Color  R='0.752941' G='0.752941' B='0.752941' A='0' />
</Face>
<Image Id='22' Alpha='1' FillMode='0' />
<Text Id='35' FontId='20' Alignment='CenterCenter' Wrap='False'>
<Color  R='0' G='0' B='0' A='1' />
</Text>
</VisualStyle>
</VisualStyles>
<Bindings>
<Binding Id='323' Type='Digital' Property='State'/>
</Bindings>
<Commands>
<Command Action='TouchDown' Id='323' Type='Digital' Value='True' />
<Command Action='TouchUp' Id='323' Type='Digital' Value='False' />
</Commands>
</Control>
<Control Type='Button' Name='Button'>
<Position Units='Pixels' X='567' Y='218' />
<Size Units='Pixels' Width='50' Height='34' />
<VisualStyles>
<VisualStyle State='0' Mode='0'>
<Face Type='2D'>
<Color  R='0.752941' G='0.752941' B='0.752941' A='0' />
</Face>
<Image Id='21' Alpha='1' />
<Text Id='34' FontId='20' Alignment='CenterCenter' Wrap='False'>
<Color  R='1' G='1' B='1' A='1' />
</Text>
</VisualStyle>
<VisualStyle State='1' Mode='0'>
<Face Type='2D'>
<Color  R='0.752941' G='0.752941' B='0.752941' A='0' />
</Face>
<Image Id='22' Alpha='1' FillMode='0' />
<Text Id='34' FontId='20' Alignment='CenterCenter' Wrap='False'>
<Color  R='0' G='0' B='0' A='1' />
</Text>
</VisualStyle>
</VisualStyles>
<Bindings>
<Binding Id='322' Type='Digital' Property='State'/>
</Bindings>
<Commands>
<Command Action='TouchDown' Id='322' Type='Digital' Value='True' />
<Command Action='TouchUp' Id='322' Type='Digital' Value='False' />
</Commands>
</Control>
<Control Type='Button' Name='Text'>
<Position Units='Pixels' X='117' Y='218' />
<Size Units='Pixels' Width='143' Height='34' />
<VisualStyles>
<VisualStyle State='0' Mode='0'>
<Text FontId='3' Alignment='CenterLeft' Wrap='False'>
<Bindings>
<Binding Id='194' Type='Serial' Property='Text'/>
</Bindings>
<Color  R='0.917647' G='0.917647' B='0.917647' A='1' />
</Text>
</VisualStyle>
</VisualStyles>
</Control>
<Control Type='Button' Name='Animation' KeyClick='False'>
<Position Units='Pixels' X='230' Y='54' />
<Size Units='Pixels' Width='200' Height='25' />
<VisualStyles>
<VisualStyle  Mode='0' State='0'>
<Image Id='49' Alpha='1' />
</VisualStyle>
<VisualStyle  Mode='1' State='0'>
<Image Id='50' Alpha='1' />
</VisualStyle>
<VisualStyle  Mode='2' State='0'>
<Image Id='51' Alpha='1' />
</VisualStyle>
<VisualStyle  Mode='3' State='0'>
<Image Id='52' Alpha='1' />
</VisualStyle>
<VisualStyle  Mode='4' State='0'>
<Image Id='53' Alpha='1' />
</VisualStyle>
<VisualStyle  Mode='5' State='0'>
<Image Id='54' Alpha='1' />
</VisualStyle>
<VisualStyle  Mode='6' State='0'>
<Image Id='55' Alpha='1' />
</VisualStyle>
<VisualStyle  Mode='7' State='0'>
<Image Id='56' Alpha='1' />
</VisualStyle>
<VisualStyle  Mode='8' State='0'>
<Image Id='57' Alpha='1' />
</VisualStyle>
<VisualStyle  Mode='9' State='0'>
<Image Id='58' Alpha='1' />
</VisualStyle>
<VisualStyle  Mode='10' State='0'>
<Image Id='59' Alpha='1' />
</VisualStyle>
<VisualStyle  Mode='11' State='0'>
<Image Id='60' Alpha='1' />
</VisualStyle>
<VisualStyle  Mode='12' State='0'>
<Image Id='61' Alpha='1' />
</VisualStyle>
<VisualStyle  Mode='13' State='0'>
<Image Id='62' Alpha='1' />
</VisualStyle>
<VisualStyle  Mode='14' State='0'>
<Image Id='63' Alpha='1' />
</VisualStyle>
<VisualStyle  Mode='15' State='0'>
<Image Id='64' Alpha='1' />
</VisualStyle>
<VisualStyle  Mode='16' State='0'>
<Image Id='65' Alpha='1' />
</VisualStyle>
<VisualStyle  Mode='17' State='0'>
<Image Id='66' Alpha='1' />
</VisualStyle>
<VisualStyle  Mode='18' State='0'>
<Image Id='67' Alpha='1' />
</VisualStyle>
<VisualStyle  Mode='19' State='0'>
<Image Id='68' Alpha='1' />
</VisualStyle>
<VisualStyle  Mode='20' State='0'>
<Image Id='69' Alpha='1' />
</VisualStyle>
<VisualStyle  Mode='21' State='0'>
<Image Id='70' Alpha='1' />
</VisualStyle>
<VisualStyle  Mode='22' State='0'>
<Image Id='71' Alpha='1' />
</VisualStyle>
<VisualStyle  Mode='23' State='0'>
<Image Id='72' Alpha='1' />
</VisualStyle>
<VisualStyle  Mode='24' State='0'>
<Image Id='73' Alpha='1' />
</VisualStyle>
<VisualStyle  Mode='25' State='0'>
<Image Id='74' Alpha='1' />
</VisualStyle>
<VisualStyle  Mode='26' State='0'>
<Image Id='75' Alpha='1' />
</VisualStyle>
<VisualStyle  Mode='27' State='0'>
<Image Id='76' Alpha='1' />
</VisualStyle>
<VisualStyle  Mode='28' State='0'>
<Image Id='77' Alpha='1' />
</VisualStyle>
<VisualStyle  Mode='29' State='0'>
<Image Id='78' Alpha='1' />
</VisualStyle>
<VisualStyle  Mode='30' State='0'>
<Image Id='79' Alpha='1' />
</VisualStyle>
<VisualStyle  Mode='31' State='0'>
<Image Id='80' Alpha='1' />
</VisualStyle>
<VisualStyle  Mode='32' State='0'>
<Image Id='81' Alpha='1' />
</VisualStyle>
<VisualStyle  Mode='33' State='0'>
<Image Id='82' Alpha='1' />
</VisualStyle>
<VisualStyle  Mode='34' State='0'>
<Image Id='83' Alpha='1' />
</VisualStyle>
<VisualStyle  Mode='35' State='0'>
<Image Id='84' Alpha='1' />
</VisualStyle>
<VisualStyle  Mode='36' State='0'>
<Image Id='85' Alpha='1' />
</VisualStyle>
<VisualStyle  Mode='37' State='0'>
<Image Id='86' Alpha='1' />
</VisualStyle>
<VisualStyle  Mode='38' State='0'>
<Image Id='87' Alpha='1' />
</VisualStyle>
<VisualStyle  Mode='39' State='0'>
<Image Id='88' Alpha='1' />
</VisualStyle>
<VisualStyle  Mode='40' State='0'>
<Image Id='89' Alpha='1' />
</VisualStyle>
<VisualStyle  Mode='41' State='0'>
<Image Id='90' Alpha='1' />
</VisualStyle>
<VisualStyle  Mode='42' State='0'>
<Image Id='91' Alpha='1' />
</VisualStyle>
<VisualStyle  Mode='43' State='0'>
<Image Id='92' Alpha='1' />
</VisualStyle>
<VisualStyle  Mode='44' State='0'>
<Image Id='93' Alpha='1' />
</VisualStyle>
<VisualStyle  Mode='45' State='0'>
<Image Id='94' Alpha='1' />
</VisualStyle>
<VisualStyle  Mode='46' State='0'>
<Image Id='95' Alpha='1' />
</VisualStyle>
<VisualStyle  Mode='47' State='0'>
<Image Id='96' Alpha='1' />
</VisualStyle>
<VisualStyle  Mode='48' State='0'>
<Image Id='97' Alpha='1' />
</VisualStyle>
<VisualStyle  Mode='49' State='0'>
<Image Id='98' Alpha='1' />
</VisualStyle>
<VisualStyle  Mode='50' State='0'>
<Image Id='99' Alpha='1' />
</VisualStyle>
<VisualStyle  Mode='51' State='0'>
<Image Id='100' Alpha='1' />
</VisualStyle>
<VisualStyle  Mode='52' State='0'>
<Image Id='101' Alpha='1' />
</VisualStyle>
<VisualStyle  Mode='53' State='0'>
<Image Id='102' Alpha='1' />
</VisualStyle>
<VisualStyle  Mode='54' State='0'>
<Image Id='103' Alpha='1' />
</VisualStyle>
<VisualStyle  Mode='55' State='0'>
<Image Id='104' Alpha='1' />
</VisualStyle>
<VisualStyle  Mode='56' State='0'>
<Image Id='105' Alpha='1' />
</VisualStyle>
<VisualStyle  Mode='57' State='0'>
<Image Id='106' Alpha='1' />
</VisualStyle>
<VisualStyle  Mode='58' State='0'>
<Image Id='107' Alpha='1' />
</VisualStyle>
<VisualStyle  Mode='59' State='0'>
<Image Id='108' Alpha='1' />
</VisualStyle>
<VisualStyle  Mode='60' State='0'>
<Image Id='109' Alpha='1' />
</VisualStyle>
<VisualStyle  Mode='61' State='0'>
<Image Id='110' Alpha='1' />
</VisualStyle>
<VisualStyle  Mode='62' State='0'>
<Image Id='111' Alpha='1' />
</VisualStyle>
<VisualStyle  Mode='63' State='0'>
<Image Id='112' Alpha='1' />
</VisualStyle>
<VisualStyle  Mode='64' State='0'>
<Image Id='113' Alpha='1' />
</VisualStyle>
<VisualStyle  Mode='65' State='0'>
<Image Id='114' Alpha='1' />
</VisualStyle>
<VisualStyle  Mode='66' State='0'>
<Image Id='115' Alpha='1' />
</VisualStyle>
<VisualStyle  Mode='67' State='0'>
<Image Id='116' Alpha='1' />
</VisualStyle>
<VisualStyle  Mode='68' State='0'>
<Image Id='117' Alpha='1' />
</VisualStyle>
<VisualStyle  Mode='69' State='0'>
<Image Id='118' Alpha='1' />
</VisualStyle>
<VisualStyle  Mode='70' State='0'>
<Image Id='119' Alpha='1' />
</VisualStyle>
<VisualStyle  Mode='71' State='0'>
<Image Id='120' Alpha='1' />
</VisualStyle>
<VisualStyle  Mode='72' State='0'>
<Image Id='121' Alpha='1' />
</VisualStyle>
<VisualStyle  Mode='73' State='0'>
<Image Id='122' Alpha='1' />
</VisualStyle>
<VisualStyle  Mode='74' State='0'>
<Image Id='123' Alpha='1' />
</VisualStyle>
<VisualStyle  Mode='75' State='0'>
<Image Id='124' Alpha='1' />
</VisualStyle>
<VisualStyle  Mode='76' State='0'>
<Image Id='125' Alpha='1' />
</VisualStyle>
<VisualStyle  Mode='77' State='0'>
<Image Id='126' Alpha='1' />
</VisualStyle>
<VisualStyle  Mode='78' State='0'>
<Image Id='127' Alpha='1' />
</VisualStyle>
<VisualStyle  Mode='79' State='0'>
<Image Id='128' Alpha='1' />
</VisualStyle>
<VisualStyle  Mode='80' State='0'>
<Image Id='129' Alpha='1' />
</VisualStyle>
<VisualStyle  Mode='81' State='0'>
<Image Id='130' Alpha='1' />
</VisualStyle>
<VisualStyle  Mode='82' State='0'>
<Image Id='131' Alpha='1' />
</VisualStyle>
<VisualStyle  Mode='83' State='0'>
<Image Id='132' Alpha='1' />
</VisualStyle>
<VisualStyle  Mode='84' State='0'>
<Image Id='133' Alpha='1' />
</VisualStyle>
<VisualStyle  Mode='85' State='0'>
<Image Id='134' Alpha='1' />
</VisualStyle>
<VisualStyle  Mode='86' State='0'>
<Image Id='135' Alpha='1' />
</VisualStyle>
<VisualStyle  Mode='87' State='0'>
<Image Id='136' Alpha='1' />
</VisualStyle>
<VisualStyle  Mode='88' State='0'>
<Image Id='137' Alpha='1' />
</VisualStyle>
<VisualStyle  Mode='89' State='0'>
<Image Id='138' Alpha='1' />
</VisualStyle>
<VisualStyle  Mode='90' State='0'>
<Image Id='139' Alpha='1' />
</VisualStyle>
<VisualStyle  Mode='91' State='0'>
<Image Id='140' Alpha='1' />
</VisualStyle>
<VisualStyle  Mode='92' State='0'>
<Image Id='141' Alpha='1' />
</VisualStyle>
<VisualStyle  Mode='93' State='0'>
<Image Id='142' Alpha='1' />
</VisualStyle>
<VisualStyle  Mode='94' State='0'>
<Image Id='143' Alpha='1' />
</VisualStyle>
<VisualStyle  Mode='95' State='0'>
<Image Id='144' Alpha='1' />
</VisualStyle>
<VisualStyle  Mode='96' State='0'>
<Image Id='145' Alpha='1' />
</VisualStyle>
<VisualStyle  Mode='97' State='0'>
<Image Id='146' Alpha='1' />
</VisualStyle>
<VisualStyle  Mode='98' State='0'>
<Image Id='147' Alpha='1' />
</VisualStyle>
<VisualStyle  Mode='99' State='0'>
<Image Id='148' Alpha='1' />
</VisualStyle>
</VisualStyles>
<Bindings>
<Binding Id='31' Type='Analog' Property='Mode'/>
</Bindings>
</Control>
<Control Type='Button' Name='Animation' KeyClick='False'>
<Position Units='Pixels' X='346' Y='110' />
<Size Units='Pixels' Width='200' Height='25' />
<VisualStyles>
<VisualStyle  Mode='0' State='0'>
<Image Id='49' Alpha='1' />
</VisualStyle>
<VisualStyle  Mode='1' State='0'>
<Image Id='50' Alpha='1' />
</VisualStyle>
<VisualStyle  Mode='2' State='0'>
<Image Id='51' Alpha='1' />
</VisualStyle>
<VisualStyle  Mode='3' State='0'>
<Image Id='52' Alpha='1' />
</VisualStyle>
<VisualStyle  Mode='4' State='0'>
<Image Id='53' Alpha='1' />
</VisualStyle>
<VisualStyle  Mode='5' State='0'>
<Image Id='54' Alpha='1' />
</VisualStyle>
<VisualStyle  Mode='6' State='0'>
<Image Id='55' Alpha='1' />
</VisualStyle>
<VisualStyle  Mode='7' State='0'>
<Image Id='56' Alpha='1' />
</VisualStyle>
<VisualStyle  Mode='8' State='0'>
<Image Id='57' Alpha='1' />
</VisualStyle>
<VisualStyle  Mode='9' State='0'>
<Image Id='58' Alpha='1' />
</VisualStyle>
<VisualStyle  Mode='10' State='0'>
<Image Id='59' Alpha='1' />
</VisualStyle>
<VisualStyle  Mode='11' State='0'>
<Image Id='60' Alpha='1' />
</VisualStyle>
<VisualStyle  Mode='12' State='0'>
<Image Id='61' Alpha='1' />
</VisualStyle>
<VisualStyle  Mode='13' State='0'>
<Image Id='62' Alpha='1' />
</VisualStyle>
<VisualStyle  Mode='14' State='0'>
<Image Id='63' Alpha='1' />
</VisualStyle>
<VisualStyle  Mode='15' State='0'>
<Image Id='64' Alpha='1' />
</VisualStyle>
<VisualStyle  Mode='16' State='0'>
<Image Id='65' Alpha='1' />
</VisualStyle>
<VisualStyle  Mode='17' State='0'>
<Image Id='66' Alpha='1' />
</VisualStyle>
<VisualStyle  Mode='18' State='0'>
<Image Id='67' Alpha='1' />
</VisualStyle>
<VisualStyle  Mode='19' State='0'>
<Image Id='68' Alpha='1' />
</VisualStyle>
<VisualStyle  Mode='20' State='0'>
<Image Id='69' Alpha='1' />
</VisualStyle>
<VisualStyle  Mode='21' State='0'>
<Image Id='70' Alpha='1' />
</VisualStyle>
<VisualStyle  Mode='22' State='0'>
<Image Id='71' Alpha='1' />
</VisualStyle>
<VisualStyle  Mode='23' State='0'>
<Image Id='72' Alpha='1' />
</VisualStyle>
<VisualStyle  Mode='24' State='0'>
<Image Id='73' Alpha='1' />
</VisualStyle>
<VisualStyle  Mode='25' State='0'>
<Image Id='74' Alpha='1' />
</VisualStyle>
<VisualStyle  Mode='26' State='0'>
<Image Id='75' Alpha='1' />
</VisualStyle>
<VisualStyle  Mode='27' State='0'>
<Image Id='76' Alpha='1' />
</VisualStyle>
<VisualStyle  Mode='28' State='0'>
<Image Id='77' Alpha='1' />
</VisualStyle>
<VisualStyle  Mode='29' State='0'>
<Image Id='78' Alpha='1' />
</VisualStyle>
<VisualStyle  Mode='30' State='0'>
<Image Id='79' Alpha='1' />
</VisualStyle>
<VisualStyle  Mode='31' State='0'>
<Image Id='80' Alpha='1' />
</VisualStyle>
<VisualStyle  Mode='32' State='0'>
<Image Id='81' Alpha='1' />
</VisualStyle>
<VisualStyle  Mode='33' State='0'>
<Image Id='82' Alpha='1' />
</VisualStyle>
<VisualStyle  Mode='34' State='0'>
<Image Id='83' Alpha='1' />
</VisualStyle>
<VisualStyle  Mode='35' State='0'>
<Image Id='84' Alpha='1' />
</VisualStyle>
<VisualStyle  Mode='36' State='0'>
<Image Id='85' Alpha='1' />
</VisualStyle>
<VisualStyle  Mode='37' State='0'>
<Image Id='86' Alpha='1' />
</VisualStyle>
<VisualStyle  Mode='38' State='0'>
<Image Id='87' Alpha='1' />
</VisualStyle>
<VisualStyle  Mode='39' State='0'>
<Image Id='88' Alpha='1' />
</VisualStyle>
<VisualStyle  Mode='40' State='0'>
<Image Id='89' Alpha='1' />
</VisualStyle>
<VisualStyle  Mode='41' State='0'>
<Image Id='90' Alpha='1' />
</VisualStyle>
<VisualStyle  Mode='42' State='0'>
<Image Id='91' Alpha='1' />
</VisualStyle>
<VisualStyle  Mode='43' State='0'>
<Image Id='92' Alpha='1' />
</VisualStyle>
<VisualStyle  Mode='44' State='0'>
<Image Id='93' Alpha='1' />
</VisualStyle>
<VisualStyle  Mode='45' State='0'>
<Image Id='94' Alpha='1' />
</VisualStyle>
<VisualStyle  Mode='46' State='0'>
<Image Id='95' Alpha='1' />
</VisualStyle>
<VisualStyle  Mode='47' State='0'>
<Image Id='96' Alpha='1' />
</VisualStyle>
<VisualStyle  Mode='48' State='0'>
<Image Id='97' Alpha='1' />
</VisualStyle>
<VisualStyle  Mode='49' State='0'>
<Image Id='98' Alpha='1' />
</VisualStyle>
<VisualStyle  Mode='50' State='0'>
<Image Id='99' Alpha='1' />
</VisualStyle>
<VisualStyle  Mode='51' State='0'>
<Image Id='100' Alpha='1' />
</VisualStyle>
<VisualStyle  Mode='52' State='0'>
<Image Id='101' Alpha='1' />
</VisualStyle>
<VisualStyle  Mode='53' State='0'>
<Image Id='102' Alpha='1' />
</VisualStyle>
<VisualStyle  Mode='54' State='0'>
<Image Id='103' Alpha='1' />
</VisualStyle>
<VisualStyle  Mode='55' State='0'>
<Image Id='104' Alpha='1' />
</VisualStyle>
<VisualStyle  Mode='56' State='0'>
<Image Id='105' Alpha='1' />
</VisualStyle>
<VisualStyle  Mode='57' State='0'>
<Image Id='106' Alpha='1' />
</VisualStyle>
<VisualStyle  Mode='58' State='0'>
<Image Id='107' Alpha='1' />
</VisualStyle>
<VisualStyle  Mode='59' State='0'>
<Image Id='108' Alpha='1' />
</VisualStyle>
<VisualStyle  Mode='60' State='0'>
<Image Id='109' Alpha='1' />
</VisualStyle>
<VisualStyle  Mode='61' State='0'>
<Image Id='110' Alpha='1' />
</VisualStyle>
<VisualStyle  Mode='62' State='0'>
<Image Id='111' Alpha='1' />
</VisualStyle>
<VisualStyle  Mode='63' State='0'>
<Image Id='112' Alpha='1' />
</VisualStyle>
<VisualStyle  Mode='64' State='0'>
<Image Id='113' Alpha='1' />
</VisualStyle>
<VisualStyle  Mode='65' State='0'>
<Image Id='114' Alpha='1' />
</VisualStyle>
<VisualStyle  Mode='66' State='0'>
<Image Id='115' Alpha='1' />
</VisualStyle>
<VisualStyle  Mode='67' State='0'>
<Image Id='116' Alpha='1' />
</VisualStyle>
<VisualStyle  Mode='68' State='0'>
<Image Id='117' Alpha='1' />
</VisualStyle>
<VisualStyle  Mode='69' State='0'>
<Image Id='118' Alpha='1' />
</VisualStyle>
<VisualStyle  Mode='70' State='0'>
<Image Id='119' Alpha='1' />
</VisualStyle>
<VisualStyle  Mode='71' State='0'>
<Image Id='120' Alpha='1' />
</VisualStyle>
<VisualStyle  Mode='72' State='0'>
<Image Id='121' Alpha='1' />
</VisualStyle>
<VisualStyle  Mode='73' State='0'>
<Image Id='122' Alpha='1' />
</VisualStyle>
<VisualStyle  Mode='74' State='0'>
<Image Id='123' Alpha='1' />
</VisualStyle>
<VisualStyle  Mode='75' State='0'>
<Image Id='124' Alpha='1' />
</VisualStyle>
<VisualStyle  Mode='76' State='0'>
<Image Id='125' Alpha='1' />
</VisualStyle>
<VisualStyle  Mode='77' State='0'>
<Image Id='126' Alpha='1' />
</VisualStyle>
<VisualStyle  Mode='78' State='0'>
<Image Id='127' Alpha='1' />
</VisualStyle>
<VisualStyle  Mode='79' State='0'>
<Image Id='128' Alpha='1' />
</VisualStyle>
<VisualStyle  Mode='80' State='0'>
<Image Id='129' Alpha='1' />
</VisualStyle>
<VisualStyle  Mode='81' State='0'>
<Image Id='130' Alpha='1' />
</VisualStyle>
<VisualStyle  Mode='82' State='0'>
<Image Id='131' Alpha='1' />
</VisualStyle>
<VisualStyle  Mode='83' State='0'>
<Image Id='132' Alpha='1' />
</VisualStyle>
<VisualStyle  Mode='84' State='0'>
<Image Id='133' Alpha='1' />
</VisualStyle>
<VisualStyle  Mode='85' State='0'>
<Image Id='134' Alpha='1' />
</VisualStyle>
<VisualStyle  Mode='86' State='0'>
<Image Id='135' Alpha='1' />
</VisualStyle>
<VisualStyle  Mode='87' State='0'>
<Image Id='136' Alpha='1' />
</VisualStyle>
<VisualStyle  Mode='88' State='0'>
<Image Id='137' Alpha='1' />
</VisualStyle>
<VisualStyle  Mode='89' State='0'>
<Image Id='138' Alpha='1' />
</VisualStyle>
<VisualStyle  Mode='90' State='0'>
<Image Id='139' Alpha='1' />
</VisualStyle>
<VisualStyle  Mode='91' State='0'>
<Image Id='140' Alpha='1' />
</VisualStyle>
<VisualStyle  Mode='92' State='0'>
<Image Id='141' Alpha='1' />
</VisualStyle>
<VisualStyle  Mode='93' State='0'>
<Image Id='142' Alpha='1' />
</VisualStyle>
<VisualStyle  Mode='94' State='0'>
<Image Id='143' Alpha='1' />
</VisualStyle>
<VisualStyle  Mode='95' State='0'>
<Image Id='144' Alpha='1' />
</VisualStyle>
<VisualStyle  Mode='96' State='0'>
<Image Id='145' Alpha='1' />
</VisualStyle>
<VisualStyle  Mode='97' State='0'>
<Image Id='146' Alpha='1' />
</VisualStyle>
<VisualStyle  Mode='98' State='0'>
<Image Id='147' Alpha='1' />
</VisualStyle>
<VisualStyle  Mode='99' State='0'>
<Image Id='148' Alpha='1' />
</VisualStyle>
</VisualStyles>
<Bindings>
<Binding Id='32' Type='Analog' Property='Mode'/>
</Bindings>
</Control>
<Control Type='Button' Name='Animation' KeyClick='False'>
<Position Units='Pixels' X='230' Y='166' />
<Size Units='Pixels' Width='200' Height='25' />
<VisualStyles>
<VisualStyle  Mode='0' State='0'>
<Image Id='49' Alpha='1' />
</VisualStyle>
<VisualStyle  Mode='1' State='0'>
<Image Id='50' Alpha='1' />
</VisualStyle>
<VisualStyle  Mode='2' State='0'>
<Image Id='51' Alpha='1' />
</VisualStyle>
<VisualStyle  Mode='3' State='0'>
<Image Id='52' Alpha='1' />
</VisualStyle>
<VisualStyle  Mode='4' State='0'>
<Image Id='53' Alpha='1' />
</VisualStyle>
<VisualStyle  Mode='5' State='0'>
<Image Id='54' Alpha='1' />
</VisualStyle>
<VisualStyle  Mode='6' State='0'>
<Image Id='55' Alpha='1' />
</VisualStyle>
<VisualStyle  Mode='7' State='0'>
<Image Id='56' Alpha='1' />
</VisualStyle>
<VisualStyle  Mode='8' State='0'>
<Image Id='57' Alpha='1' />
</VisualStyle>
<VisualStyle  Mode='9' State='0'>
<Image Id='58' Alpha='1' />
</VisualStyle>
<VisualStyle  Mode='10' State='0'>
<Image Id='59' Alpha='1' />
</VisualStyle>
<VisualStyle  Mode='11' State='0'>
<Image Id='60' Alpha='1' />
</VisualStyle>
<VisualStyle  Mode='12' State='0'>
<Image Id='61' Alpha='1' />
</VisualStyle>
<VisualStyle  Mode='13' State='0'>
<Image Id='62' Alpha='1' />
</VisualStyle>
<VisualStyle  Mode='14' State='0'>
<Image Id='63' Alpha='1' />
</VisualStyle>
<VisualStyle  Mode='15' State='0'>
<Image Id='64' Alpha='1' />
</VisualStyle>
<VisualStyle  Mode='16' State='0'>
<Image Id='65' Alpha='1' />
</VisualStyle>
<VisualStyle  Mode='17' State='0'>
<Image Id='66' Alpha='1' />
</VisualStyle>
<VisualStyle  Mode='18' State='0'>
<Image Id='67' Alpha='1' />
</VisualStyle>
<VisualStyle  Mode='19' State='0'>
<Image Id='68' Alpha='1' />
</VisualStyle>
<VisualStyle  Mode='20' State='0'>
<Image Id='69' Alpha='1' />
</VisualStyle>
<VisualStyle  Mode='21' State='0'>
<Image Id='70' Alpha='1' />
</VisualStyle>
<VisualStyle  Mode='22' State='0'>
<Image Id='71' Alpha='1' />
</VisualStyle>
<VisualStyle  Mode='23' State='0'>
<Image Id='72' Alpha='1' />
</VisualStyle>
<VisualStyle  Mode='24' State='0'>
<Image Id='73' Alpha='1' />
</VisualStyle>
<VisualStyle  Mode='25' State='0'>
<Image Id='74' Alpha='1' />
</VisualStyle>
<VisualStyle  Mode='26' State='0'>
<Image Id='75' Alpha='1' />
</VisualStyle>
<VisualStyle  Mode='27' State='0'>
<Image Id='76' Alpha='1' />
</VisualStyle>
<VisualStyle  Mode='28' State='0'>
<Image Id='77' Alpha='1' />
</VisualStyle>
<VisualStyle  Mode='29' State='0'>
<Image Id='78' Alpha='1' />
</VisualStyle>
<VisualStyle  Mode='30' State='0'>
<Image Id='79' Alpha='1' />
</VisualStyle>
<VisualStyle  Mode='31' State='0'>
<Image Id='80' Alpha='1' />
</VisualStyle>
<VisualStyle  Mode='32' State='0'>
<Image Id='81' Alpha='1' />
</VisualStyle>
<VisualStyle  Mode='33' State='0'>
<Image Id='82' Alpha='1' />
</VisualStyle>
<VisualStyle  Mode='34' State='0'>
<Image Id='83' Alpha='1' />
</VisualStyle>
<VisualStyle  Mode='35' State='0'>
<Image Id='84' Alpha='1' />
</VisualStyle>
<VisualStyle  Mode='36' State='0'>
<Image Id='85' Alpha='1' />
</VisualStyle>
<VisualStyle  Mode='37' State='0'>
<Image Id='86' Alpha='1' />
</VisualStyle>
<VisualStyle  Mode='38' State='0'>
<Image Id='87' Alpha='1' />
</VisualStyle>
<VisualStyle  Mode='39' State='0'>
<Image Id='88' Alpha='1' />
</VisualStyle>
<VisualStyle  Mode='40' State='0'>
<Image Id='89' Alpha='1' />
</VisualStyle>
<VisualStyle  Mode='41' State='0'>
<Image Id='90' Alpha='1' />
</VisualStyle>
<VisualStyle  Mode='42' State='0'>
<Image Id='91' Alpha='1' />
</VisualStyle>
<VisualStyle  Mode='43' State='0'>
<Image Id='92' Alpha='1' />
</VisualStyle>
<VisualStyle  Mode='44' State='0'>
<Image Id='93' Alpha='1' />
</VisualStyle>
<VisualStyle  Mode='45' State='0'>
<Image Id='94' Alpha='1' />
</VisualStyle>
<VisualStyle  Mode='46' State='0'>
<Image Id='95' Alpha='1' />
</VisualStyle>
<VisualStyle  Mode='47' State='0'>
<Image Id='96' Alpha='1' />
</VisualStyle>
<VisualStyle  Mode='48' State='0'>
<Image Id='97' Alpha='1' />
</VisualStyle>
<VisualStyle  Mode='49' State='0'>
<Image Id='98' Alpha='1' />
</VisualStyle>
<VisualStyle  Mode='50' State='0'>
<Image Id='99' Alpha='1' />
</VisualStyle>
<VisualStyle  Mode='51' State='0'>
<Image Id='100' Alpha='1' />
</VisualStyle>
<VisualStyle  Mode='52' State='0'>
<Image Id='101' Alpha='1' />
</VisualStyle>
<VisualStyle  Mode='53' State='0'>
<Image Id='102' Alpha='1' />
</VisualStyle>
<VisualStyle  Mode='54' State='0'>
<Image Id='103' Alpha='1' />
</VisualStyle>
<VisualStyle  Mode='55' State='0'>
<Image Id='104' Alpha='1' />
</VisualStyle>
<VisualStyle  Mode='56' State='0'>
<Image Id='105' Alpha='1' />
</VisualStyle>
<VisualStyle  Mode='57' State='0'>
<Image Id='106' Alpha='1' />
</VisualStyle>
<VisualStyle  Mode='58' State='0'>
<Image Id='107' Alpha='1' />
</VisualStyle>
<VisualStyle  Mode='59' State='0'>
<Image Id='108' Alpha='1' />
</VisualStyle>
<VisualStyle  Mode='60' State='0'>
<Image Id='109' Alpha='1' />
</VisualStyle>
<VisualStyle  Mode='61' State='0'>
<Image Id='110' Alpha='1' />
</VisualStyle>
<VisualStyle  Mode='62' State='0'>
<Image Id='111' Alpha='1' />
</VisualStyle>
<VisualStyle  Mode='63' State='0'>
<Image Id='112' Alpha='1' />
</VisualStyle>
<VisualStyle  Mode='64' State='0'>
<Image Id='113' Alpha='1' />
</VisualStyle>
<VisualStyle  Mode='65' State='0'>
<Image Id='114' Alpha='1' />
</VisualStyle>
<VisualStyle  Mode='66' State='0'>
<Image Id='115' Alpha='1' />
</VisualStyle>
<VisualStyle  Mode='67' State='0'>
<Image Id='116' Alpha='1' />
</VisualStyle>
<VisualStyle  Mode='68' State='0'>
<Image Id='117' Alpha='1' />
</VisualStyle>
<VisualStyle  Mode='69' State='0'>
<Image Id='118' Alpha='1' />
</VisualStyle>
<VisualStyle  Mode='70' State='0'>
<Image Id='119' Alpha='1' />
</VisualStyle>
<VisualStyle  Mode='71' State='0'>
<Image Id='120' Alpha='1' />
</VisualStyle>
<VisualStyle  Mode='72' State='0'>
<Image Id='121' Alpha='1' />
</VisualStyle>
<VisualStyle  Mode='73' State='0'>
<Image Id='122' Alpha='1' />
</VisualStyle>
<VisualStyle  Mode='74' State='0'>
<Image Id='123' Alpha='1' />
</VisualStyle>
<VisualStyle  Mode='75' State='0'>
<Image Id='124' Alpha='1' />
</VisualStyle>
<VisualStyle  Mode='76' State='0'>
<Image Id='125' Alpha='1' />
</VisualStyle>
<VisualStyle  Mode='77' State='0'>
<Image Id='126' Alpha='1' />
</VisualStyle>
<VisualStyle  Mode='78' State='0'>
<Image Id='127' Alpha='1' />
</VisualStyle>
<VisualStyle  Mode='79' State='0'>
<Image Id='128' Alpha='1' />
</VisualStyle>
<VisualStyle  Mode='80' State='0'>
<Image Id='129' Alpha='1' />
</VisualStyle>
<VisualStyle  Mode='81' State='0'>
<Image Id='130' Alpha='1' />
</VisualStyle>
<VisualStyle  Mode='82' State='0'>
<Image Id='131' Alpha='1' />
</VisualStyle>
<VisualStyle  Mode='83' State='0'>
<Image Id='132' Alpha='1' />
</VisualStyle>
<VisualStyle  Mode='84' State='0'>
<Image Id='133' Alpha='1' />
</VisualStyle>
<VisualStyle  Mode='85' State='0'>
<Image Id='134' Alpha='1' />
</VisualStyle>
<VisualStyle  Mode='86' State='0'>
<Image Id='135' Alpha='1' />
</VisualStyle>
<VisualStyle  Mode='87' State='0'>
<Image Id='136' Alpha='1' />
</VisualStyle>
<VisualStyle  Mode='88' State='0'>
<Image Id='137' Alpha='1' />
</VisualStyle>
<VisualStyle  Mode='89' State='0'>
<Image Id='138' Alpha='1' />
</VisualStyle>
<VisualStyle  Mode='90' State='0'>
<Image Id='139' Alpha='1' />
</VisualStyle>
<VisualStyle  Mode='91' State='0'>
<Image Id='140' Alpha='1' />
</VisualStyle>
<VisualStyle  Mode='92' State='0'>
<Image Id='141' Alpha='1' />
</VisualStyle>
<VisualStyle  Mode='93' State='0'>
<Image Id='142' Alpha='1' />
</VisualStyle>
<VisualStyle  Mode='94' State='0'>
<Image Id='143' Alpha='1' />
</VisualStyle>
<VisualStyle  Mode='95' State='0'>
<Image Id='144' Alpha='1' />
</VisualStyle>
<VisualStyle  Mode='96' State='0'>
<Image Id='145' Alpha='1' />
</VisualStyle>
<VisualStyle  Mode='97' State='0'>
<Image Id='146' Alpha='1' />
</VisualStyle>
<VisualStyle  Mode='98' State='0'>
<Image Id='147' Alpha='1' />
</VisualStyle>
<VisualStyle  Mode='99' State='0'>
<Image Id='148' Alpha='1' />
</VisualStyle>
</VisualStyles>
<Bindings>
<Binding Id='33' Type='Analog' Property='Mode'/>
</Bindings>
</Control>
<Control Type='Button' Name='Animation' KeyClick='False'>
<Position Units='Pixels' X='346' Y='222' />
<Size Units='Pixels' Width='200' Height='25' />
<VisualStyles>
<VisualStyle  Mode='0' State='0'>
<Image Id='49' Alpha='1' />
</VisualStyle>
<VisualStyle  Mode='1' State='0'>
<Image Id='50' Alpha='1' />
</VisualStyle>
<VisualStyle  Mode='2' State='0'>
<Image Id='51' Alpha='1' />
</VisualStyle>
<VisualStyle  Mode='3' State='0'>
<Image Id='52' Alpha='1' />
</VisualStyle>
<VisualStyle  Mode='4' State='0'>
<Image Id='53' Alpha='1' />
</VisualStyle>
<VisualStyle  Mode='5' State='0'>
<Image Id='54' Alpha='1' />
</VisualStyle>
<VisualStyle  Mode='6' State='0'>
<Image Id='55' Alpha='1' />
</VisualStyle>
<VisualStyle  Mode='7' State='0'>
<Image Id='56' Alpha='1' />
</VisualStyle>
<VisualStyle  Mode='8' State='0'>
<Image Id='57' Alpha='1' />
</VisualStyle>
<VisualStyle  Mode='9' State='0'>
<Image Id='58' Alpha='1' />
</VisualStyle>
<VisualStyle  Mode='10' State='0'>
<Image Id='59' Alpha='1' />
</VisualStyle>
<VisualStyle  Mode='11' State='0'>
<Image Id='60' Alpha='1' />
</VisualStyle>
<VisualStyle  Mode='12' State='0'>
<Image Id='61' Alpha='1' />
</VisualStyle>
<VisualStyle  Mode='13' State='0'>
<Image Id='62' Alpha='1' />
</VisualStyle>
<VisualStyle  Mode='14' State='0'>
<Image Id='63' Alpha='1' />
</VisualStyle>
<VisualStyle  Mode='15' State='0'>
<Image Id='64' Alpha='1' />
</VisualStyle>
<VisualStyle  Mode='16' State='0'>
<Image Id='65' Alpha='1' />
</VisualStyle>
<VisualStyle  Mode='17' State='0'>
<Image Id='66' Alpha='1' />
</VisualStyle>
<VisualStyle  Mode='18' State='0'>
<Image Id='67' Alpha='1' />
</VisualStyle>
<VisualStyle  Mode='19' State='0'>
<Image Id='68' Alpha='1' />
</VisualStyle>
<VisualStyle  Mode='20' State='0'>
<Image Id='69' Alpha='1' />
</VisualStyle>
<VisualStyle  Mode='21' State='0'>
<Image Id='70' Alpha='1' />
</VisualStyle>
<VisualStyle  Mode='22' State='0'>
<Image Id='71' Alpha='1' />
</VisualStyle>
<VisualStyle  Mode='23' State='0'>
<Image Id='72' Alpha='1' />
</VisualStyle>
<VisualStyle  Mode='24' State='0'>
<Image Id='73' Alpha='1' />
</VisualStyle>
<VisualStyle  Mode='25' State='0'>
<Image Id='74' Alpha='1' />
</VisualStyle>
<VisualStyle  Mode='26' State='0'>
<Image Id='75' Alpha='1' />
</VisualStyle>
<VisualStyle  Mode='27' State='0'>
<Image Id='76' Alpha='1' />
</VisualStyle>
<VisualStyle  Mode='28' State='0'>
<Image Id='77' Alpha='1' />
</VisualStyle>
<VisualStyle  Mode='29' State='0'>
<Image Id='78' Alpha='1' />
</VisualStyle>
<VisualStyle  Mode='30' State='0'>
<Image Id='79' Alpha='1' />
</VisualStyle>
<VisualStyle  Mode='31' State='0'>
<Image Id='80' Alpha='1' />
</VisualStyle>
<VisualStyle  Mode='32' State='0'>
<Image Id='81' Alpha='1' />
</VisualStyle>
<VisualStyle  Mode='33' State='0'>
<Image Id='82' Alpha='1' />
</VisualStyle>
<VisualStyle  Mode='34' State='0'>
<Image Id='83' Alpha='1' />
</VisualStyle>
<VisualStyle  Mode='35' State='0'>
<Image Id='84' Alpha='1' />
</VisualStyle>
<VisualStyle  Mode='36' State='0'>
<Image Id='85' Alpha='1' />
</VisualStyle>
<VisualStyle  Mode='37' State='0'>
<Image Id='86' Alpha='1' />
</VisualStyle>
<VisualStyle  Mode='38' State='0'>
<Image Id='87' Alpha='1' />
</VisualStyle>
<VisualStyle  Mode='39' State='0'>
<Image Id='88' Alpha='1' />
</VisualStyle>
<VisualStyle  Mode='40' State='0'>
<Image Id='89' Alpha='1' />
</VisualStyle>
<VisualStyle  Mode='41' State='0'>
<Image Id='90' Alpha='1' />
</VisualStyle>
<VisualStyle  Mode='42' State='0'>
<Image Id='91' Alpha='1' />
</VisualStyle>
<VisualStyle  Mode='43' State='0'>
<Image Id='92' Alpha='1' />
</VisualStyle>
<VisualStyle  Mode='44' State='0'>
<Image Id='93' Alpha='1' />
</VisualStyle>
<VisualStyle  Mode='45' State='0'>
<Image Id='94' Alpha='1' />
</VisualStyle>
<VisualStyle  Mode='46' State='0'>
<Image Id='95' Alpha='1' />
</VisualStyle>
<VisualStyle  Mode='47' State='0'>
<Image Id='96' Alpha='1' />
</VisualStyle>
<VisualStyle  Mode='48' State='0'>
<Image Id='97' Alpha='1' />
</VisualStyle>
<VisualStyle  Mode='49' State='0'>
<Image Id='98' Alpha='1' />
</VisualStyle>
<VisualStyle  Mode='50' State='0'>
<Image Id='99' Alpha='1' />
</VisualStyle>
<VisualStyle  Mode='51' State='0'>
<Image Id='100' Alpha='1' />
</VisualStyle>
<VisualStyle  Mode='52' State='0'>
<Image Id='101' Alpha='1' />
</VisualStyle>
<VisualStyle  Mode='53' State='0'>
<Image Id='102' Alpha='1' />
</VisualStyle>
<VisualStyle  Mode='54' State='0'>
<Image Id='103' Alpha='1' />
</VisualStyle>
<VisualStyle  Mode='55' State='0'>
<Image Id='104' Alpha='1' />
</VisualStyle>
<VisualStyle  Mode='56' State='0'>
<Image Id='105' Alpha='1' />
</VisualStyle>
<VisualStyle  Mode='57' State='0'>
<Image Id='106' Alpha='1' />
</VisualStyle>
<VisualStyle  Mode='58' State='0'>
<Image Id='107' Alpha='1' />
</VisualStyle>
<VisualStyle  Mode='59' State='0'>
<Image Id='108' Alpha='1' />
</VisualStyle>
<VisualStyle  Mode='60' State='0'>
<Image Id='109' Alpha='1' />
</VisualStyle>
<VisualStyle  Mode='61' State='0'>
<Image Id='110' Alpha='1' />
</VisualStyle>
<VisualStyle  Mode='62' State='0'>
<Image Id='111' Alpha='1' />
</VisualStyle>
<VisualStyle  Mode='63' State='0'>
<Image Id='112' Alpha='1' />
</VisualStyle>
<VisualStyle  Mode='64' State='0'>
<Image Id='113' Alpha='1' />
</VisualStyle>
<VisualStyle  Mode='65' State='0'>
<Image Id='114' Alpha='1' />
</VisualStyle>
<VisualStyle  Mode='66' State='0'>
<Image Id='115' Alpha='1' />
</VisualStyle>
<VisualStyle  Mode='67' State='0'>
<Image Id='116' Alpha='1' />
</VisualStyle>
<VisualStyle  Mode='68' State='0'>
<Image Id='117' Alpha='1' />
</VisualStyle>
<VisualStyle  Mode='69' State='0'>
<Image Id='118' Alpha='1' />
</VisualStyle>
<VisualStyle  Mode='70' State='0'>
<Image Id='119' Alpha='1' />
</VisualStyle>
<VisualStyle  Mode='71' State='0'>
<Image Id='120' Alpha='1' />
</VisualStyle>
<VisualStyle  Mode='72' State='0'>
<Image Id='121' Alpha='1' />
</VisualStyle>
<VisualStyle  Mode='73' State='0'>
<Image Id='122' Alpha='1' />
</VisualStyle>
<VisualStyle  Mode='74' State='0'>
<Image Id='123' Alpha='1' />
</VisualStyle>
<VisualStyle  Mode='75' State='0'>
<Image Id='124' Alpha='1' />
</VisualStyle>
<VisualStyle  Mode='76' State='0'>
<Image Id='125' Alpha='1' />
</VisualStyle>
<VisualStyle  Mode='77' State='0'>
<Image Id='126' Alpha='1' />
</VisualStyle>
<VisualStyle  Mode='78' State='0'>
<Image Id='127' Alpha='1' />
</VisualStyle>
<VisualStyle  Mode='79' State='0'>
<Image Id='128' Alpha='1' />
</VisualStyle>
<VisualStyle  Mode='80' State='0'>
<Image Id='129' Alpha='1' />
</VisualStyle>
<VisualStyle  Mode='81' State='0'>
<Image Id='130' Alpha='1' />
</VisualStyle>
<VisualStyle  Mode='82' State='0'>
<Image Id='131' Alpha='1' />
</VisualStyle>
<VisualStyle  Mode='83' State='0'>
<Image Id='132' Alpha='1' />
</VisualStyle>
<VisualStyle  Mode='84' State='0'>
<Image Id='133' Alpha='1' />
</VisualStyle>
<VisualStyle  Mode='85' State='0'>
<Image Id='134' Alpha='1' />
</VisualStyle>
<VisualStyle  Mode='86' State='0'>
<Image Id='135' Alpha='1' />
</VisualStyle>
<VisualStyle  Mode='87' State='0'>
<Image Id='136' Alpha='1' />
</VisualStyle>
<VisualStyle  Mode='88' State='0'>
<Image Id='137' Alpha='1' />
</VisualStyle>
<VisualStyle  Mode='89' State='0'>
<Image Id='138' Alpha='1' />
</VisualStyle>
<VisualStyle  Mode='90' State='0'>
<Image Id='139' Alpha='1' />
</VisualStyle>
<VisualStyle  Mode='91' State='0'>
<Image Id='140' Alpha='1' />
</VisualStyle>
<VisualStyle  Mode='92' State='0'>
<Image Id='141' Alpha='1' />
</VisualStyle>
<VisualStyle  Mode='93' State='0'>
<Image Id='142' Alpha='1' />
</VisualStyle>
<VisualStyle  Mode='94' State='0'>
<Image Id='143' Alpha='1' />
</VisualStyle>
<VisualStyle  Mode='95' State='0'>
<Image Id='144' Alpha='1' />
</VisualStyle>
<VisualStyle  Mode='96' State='0'>
<Image Id='145' Alpha='1' />
</VisualStyle>
<VisualStyle  Mode='97' State='0'>
<Image Id='146' Alpha='1' />
</VisualStyle>
<VisualStyle  Mode='98' State='0'>
<Image Id='147' Alpha='1' />
</VisualStyle>
<VisualStyle  Mode='99' State='0'>
<Image Id='148' Alpha='1' />
</VisualStyle>
</VisualStyles>
<Bindings>
<Binding Id='34' Type='Analog' Property='Mode'/>
</Bindings>
</Control>
<Control Type='Button' Name='Button'>
<Position Units='Pixels' X='159' Y='274' />
<Size Units='Pixels' Width='50' Height='34' />
<VisualStyles>
<VisualStyle State='0' Mode='0'>
<Face Type='2D'>
<Color  R='0.752941' G='0.752941' B='0.752941' A='0' />
</Face>
<Image Id='21' Alpha='1' />
<Text Id='35' FontId='20' Alignment='CenterCenter' Wrap='False'>
<Color  R='1' G='1' B='1' A='1' />
</Text>
</VisualStyle>
<VisualStyle State='1' Mode='0'>
<Face Type='2D'>
<Color  R='0.752941' G='0.752941' B='0.752941' A='0' />
</Face>
<Image Id='22' Alpha='1' FillMode='0' />
<Text Id='35' FontId='20' Alignment='CenterCenter' Wrap='False'>
<Color  R='0' G='0' B='0' A='1' />
</Text>
</VisualStyle>
</VisualStyles>
<Bindings>
<Binding Id='325' Type='Digital' Property='State'/>
</Bindings>
<Commands>
<Command Action='TouchDown' Id='325' Type='Digital' Value='True' />
<Command Action='TouchUp' Id='325' Type='Digital' Value='False' />
</Commands>
</Control>
<Control Type='Button' Name='Button'>
<Position Units='Pixels' X='451' Y='274' />
<Size Units='Pixels' Width='50' Height='34' />
<VisualStyles>
<VisualStyle State='0' Mode='0'>
<Face Type='2D'>
<Color  R='0.752941' G='0.752941' B='0.752941' A='0' />
</Face>
<Image Id='21' Alpha='1' />
<Text Id='34' FontId='20' Alignment='CenterCenter' Wrap='False'>
<Color  R='1' G='1' B='1' A='1' />
</Text>
</VisualStyle>
<VisualStyle State='1' Mode='0'>
<Face Type='2D'>
<Color  R='0.752941' G='0.752941' B='0.752941' A='0' />
</Face>
<Image Id='22' Alpha='1' FillMode='0' />
<Text Id='34' FontId='20' Alignment='CenterCenter' Wrap='False'>
<Color  R='0' G='0' B='0' A='1' />
</Text>
</VisualStyle>
</VisualStyles>
<Bindings>
<Binding Id='324' Type='Digital' Property='State'/>
</Bindings>
<Commands>
<Command Action='TouchDown' Id='324' Type='Digital' Value='True' />
<Command Action='TouchUp' Id='324' Type='Digital' Value='False' />
</Commands>
</Control>
<Control Type='Button' Name='Text'>
<Position Units='Pixels' X='1' Y='274' />
<Size Units='Pixels' Width='143' Height='34' />
<VisualStyles>
<VisualStyle State='0' Mode='0'>
<Text FontId='3' Alignment='CenterLeft' Wrap='False'>
<Bindings>
<Binding Id='195' Type='Serial' Property='Text'/>
</Bindings>
<Color  R='0.917647' G='0.917647' B='0.917647' A='1' />
</Text>
</VisualStyle>
</VisualStyles>
</Control>
<Control Type='Button' Name='Animation' KeyClick='False'>
<Position Units='Pixels' X='230' Y='278' />
<Size Units='Pixels' Width='200' Height='25' />
<VisualStyles>
<VisualStyle  Mode='0' State='0'>
<Image Id='49' Alpha='1' />
</VisualStyle>
<VisualStyle  Mode='1' State='0'>
<Image Id='50' Alpha='1' />
</VisualStyle>
<VisualStyle  Mode='2' State='0'>
<Image Id='51' Alpha='1' />
</VisualStyle>
<VisualStyle  Mode='3' State='0'>
<Image Id='52' Alpha='1' />
</VisualStyle>
<VisualStyle  Mode='4' State='0'>
<Image Id='53' Alpha='1' />
</VisualStyle>
<VisualStyle  Mode='5' State='0'>
<Image Id='54' Alpha='1' />
</VisualStyle>
<VisualStyle  Mode='6' State='0'>
<Image Id='55' Alpha='1' />
</VisualStyle>
<VisualStyle  Mode='7' State='0'>
<Image Id='56' Alpha='1' />
</VisualStyle>
<VisualStyle  Mode='8' State='0'>
<Image Id='57' Alpha='1' />
</VisualStyle>
<VisualStyle  Mode='9' State='0'>
<Image Id='58' Alpha='1' />
</VisualStyle>
<VisualStyle  Mode='10' State='0'>
<Image Id='59' Alpha='1' />
</VisualStyle>
<VisualStyle  Mode='11' State='0'>
<Image Id='60' Alpha='1' />
</VisualStyle>
<VisualStyle  Mode='12' State='0'>
<Image Id='61' Alpha='1' />
</VisualStyle>
<VisualStyle  Mode='13' State='0'>
<Image Id='62' Alpha='1' />
</VisualStyle>
<VisualStyle  Mode='14' State='0'>
<Image Id='63' Alpha='1' />
</VisualStyle>
<VisualStyle  Mode='15' State='0'>
<Image Id='64' Alpha='1' />
</VisualStyle>
<VisualStyle  Mode='16' State='0'>
<Image Id='65' Alpha='1' />
</VisualStyle>
<VisualStyle  Mode='17' State='0'>
<Image Id='66' Alpha='1' />
</VisualStyle>
<VisualStyle  Mode='18' State='0'>
<Image Id='67' Alpha='1' />
</VisualStyle>
<VisualStyle  Mode='19' State='0'>
<Image Id='68' Alpha='1' />
</VisualStyle>
<VisualStyle  Mode='20' State='0'>
<Image Id='69' Alpha='1' />
</VisualStyle>
<VisualStyle  Mode='21' State='0'>
<Image Id='70' Alpha='1' />
</VisualStyle>
<VisualStyle  Mode='22' State='0'>
<Image Id='71' Alpha='1' />
</VisualStyle>
<VisualStyle  Mode='23' State='0'>
<Image Id='72' Alpha='1' />
</VisualStyle>
<VisualStyle  Mode='24' State='0'>
<Image Id='73' Alpha='1' />
</VisualStyle>
<VisualStyle  Mode='25' State='0'>
<Image Id='74' Alpha='1' />
</VisualStyle>
<VisualStyle  Mode='26' State='0'>
<Image Id='75' Alpha='1' />
</VisualStyle>
<VisualStyle  Mode='27' State='0'>
<Image Id='76' Alpha='1' />
</VisualStyle>
<VisualStyle  Mode='28' State='0'>
<Image Id='77' Alpha='1' />
</VisualStyle>
<VisualStyle  Mode='29' State='0'>
<Image Id='78' Alpha='1' />
</VisualStyle>
<VisualStyle  Mode='30' State='0'>
<Image Id='79' Alpha='1' />
</VisualStyle>
<VisualStyle  Mode='31' State='0'>
<Image Id='80' Alpha='1' />
</VisualStyle>
<VisualStyle  Mode='32' State='0'>
<Image Id='81' Alpha='1' />
</VisualStyle>
<VisualStyle  Mode='33' State='0'>
<Image Id='82' Alpha='1' />
</VisualStyle>
<VisualStyle  Mode='34' State='0'>
<Image Id='83' Alpha='1' />
</VisualStyle>
<VisualStyle  Mode='35' State='0'>
<Image Id='84' Alpha='1' />
</VisualStyle>
<VisualStyle  Mode='36' State='0'>
<Image Id='85' Alpha='1' />
</VisualStyle>
<VisualStyle  Mode='37' State='0'>
<Image Id='86' Alpha='1' />
</VisualStyle>
<VisualStyle  Mode='38' State='0'>
<Image Id='87' Alpha='1' />
</VisualStyle>
<VisualStyle  Mode='39' State='0'>
<Image Id='88' Alpha='1' />
</VisualStyle>
<VisualStyle  Mode='40' State='0'>
<Image Id='89' Alpha='1' />
</VisualStyle>
<VisualStyle  Mode='41' State='0'>
<Image Id='90' Alpha='1' />
</VisualStyle>
<VisualStyle  Mode='42' State='0'>
<Image Id='91' Alpha='1' />
</VisualStyle>
<VisualStyle  Mode='43' State='0'>
<Image Id='92' Alpha='1' />
</VisualStyle>
<VisualStyle  Mode='44' State='0'>
<Image Id='93' Alpha='1' />
</VisualStyle>
<VisualStyle  Mode='45' State='0'>
<Image Id='94' Alpha='1' />
</VisualStyle>
<VisualStyle  Mode='46' State='0'>
<Image Id='95' Alpha='1' />
</VisualStyle>
<VisualStyle  Mode='47' State='0'>
<Image Id='96' Alpha='1' />
</VisualStyle>
<VisualStyle  Mode='48' State='0'>
<Image Id='97' Alpha='1' />
</VisualStyle>
<VisualStyle  Mode='49' State='0'>
<Image Id='98' Alpha='1' />
</VisualStyle>
<VisualStyle  Mode='50' State='0'>
<Image Id='99' Alpha='1' />
</VisualStyle>
<VisualStyle  Mode='51' State='0'>
<Image Id='100' Alpha='1' />
</VisualStyle>
<VisualStyle  Mode='52' State='0'>
<Image Id='101' Alpha='1' />
</VisualStyle>
<VisualStyle  Mode='53' State='0'>
<Image Id='102' Alpha='1' />
</VisualStyle>
<VisualStyle  Mode='54' State='0'>
<Image Id='103' Alpha='1' />
</VisualStyle>
<VisualStyle  Mode='55' State='0'>
<Image Id='104' Alpha='1' />
</VisualStyle>
<VisualStyle  Mode='56' State='0'>
<Image Id='105' Alpha='1' />
</VisualStyle>
<VisualStyle  Mode='57' State='0'>
<Image Id='106' Alpha='1' />
</VisualStyle>
<VisualStyle  Mode='58' State='0'>
<Image Id='107' Alpha='1' />
</VisualStyle>
<VisualStyle  Mode='59' State='0'>
<Image Id='108' Alpha='1' />
</VisualStyle>
<VisualStyle  Mode='60' State='0'>
<Image Id='109' Alpha='1' />
</VisualStyle>
<VisualStyle  Mode='61' State='0'>
<Image Id='110' Alpha='1' />
</VisualStyle>
<VisualStyle  Mode='62' State='0'>
<Image Id='111' Alpha='1' />
</VisualStyle>
<VisualStyle  Mode='63' State='0'>
<Image Id='112' Alpha='1' />
</VisualStyle>
<VisualStyle  Mode='64' State='0'>
<Image Id='113' Alpha='1' />
</VisualStyle>
<VisualStyle  Mode='65' State='0'>
<Image Id='114' Alpha='1' />
</VisualStyle>
<VisualStyle  Mode='66' State='0'>
<Image Id='115' Alpha='1' />
</VisualStyle>
<VisualStyle  Mode='67' State='0'>
<Image Id='116' Alpha='1' />
</VisualStyle>
<VisualStyle  Mode='68' State='0'>
<Image Id='117' Alpha='1' />
</VisualStyle>
<VisualStyle  Mode='69' State='0'>
<Image Id='118' Alpha='1' />
</VisualStyle>
<VisualStyle  Mode='70' State='0'>
<Image Id='119' Alpha='1' />
</VisualStyle>
<VisualStyle  Mode='71' State='0'>
<Image Id='120' Alpha='1' />
</VisualStyle>
<VisualStyle  Mode='72' State='0'>
<Image Id='121' Alpha='1' />
</VisualStyle>
<VisualStyle  Mode='73' State='0'>
<Image Id='122' Alpha='1' />
</VisualStyle>
<VisualStyle  Mode='74' State='0'>
<Image Id='123' Alpha='1' />
</VisualStyle>
<VisualStyle  Mode='75' State='0'>
<Image Id='124' Alpha='1' />
</VisualStyle>
<VisualStyle  Mode='76' State='0'>
<Image Id='125' Alpha='1' />
</VisualStyle>
<VisualStyle  Mode='77' State='0'>
<Image Id='126' Alpha='1' />
</VisualStyle>
<VisualStyle  Mode='78' State='0'>
<Image Id='127' Alpha='1' />
</VisualStyle>
<VisualStyle  Mode='79' State='0'>
<Image Id='128' Alpha='1' />
</VisualStyle>
<VisualStyle  Mode='80' State='0'>
<Image Id='129' Alpha='1' />
</VisualStyle>
<VisualStyle  Mode='81' State='0'>
<Image Id='130' Alpha='1' />
</VisualStyle>
<VisualStyle  Mode='82' State='0'>
<Image Id='131' Alpha='1' />
</VisualStyle>
<VisualStyle  Mode='83' State='0'>
<Image Id='132' Alpha='1' />
</VisualStyle>
<VisualStyle  Mode='84' State='0'>
<Image Id='133' Alpha='1' />
</VisualStyle>
<VisualStyle  Mode='85' State='0'>
<Image Id='134' Alpha='1' />
</VisualStyle>
<VisualStyle  Mode='86' State='0'>
<Image Id='135' Alpha='1' />
</VisualStyle>
<VisualStyle  Mode='87' State='0'>
<Image Id='136' Alpha='1' />
</VisualStyle>
<VisualStyle  Mode='88' State='0'>
<Image Id='137' Alpha='1' />
</VisualStyle>
<VisualStyle  Mode='89' State='0'>
<Image Id='138' Alpha='1' />
</VisualStyle>
<VisualStyle  Mode='90' State='0'>
<Image Id='139' Alpha='1' />
</VisualStyle>
<VisualStyle  Mode='91' State='0'>
<Image Id='140' Alpha='1' />
</VisualStyle>
<VisualStyle  Mode='92' State='0'>
<Image Id='141' Alpha='1' />
</VisualStyle>
<VisualStyle  Mode='93' State='0'>
<Image Id='142' Alpha='1' />
</VisualStyle>
<VisualStyle  Mode='94' State='0'>
<Image Id='143' Alpha='1' />
</VisualStyle>
<VisualStyle  Mode='95' State='0'>
<Image Id='144' Alpha='1' />
</VisualStyle>
<VisualStyle  Mode='96' State='0'>
<Image Id='145' Alpha='1' />
</VisualStyle>
<VisualStyle  Mode='97' State='0'>
<Image Id='146' Alpha='1' />
</VisualStyle>
<VisualStyle  Mode='98' State='0'>
<Image Id='147' Alpha='1' />
</VisualStyle>
<VisualStyle  Mode='99' State='0'>
<Image Id='148' Alpha='1' />
</VisualStyle>
</VisualStyles>
<Bindings>
<Binding Id='35' Type='Analog' Property='Mode'/>
</Bindings>
</Control>
<Control Type='Button' Name='Button'>
<Position Units='Pixels' X='275' Y='330' />
<Size Units='Pixels' Width='50' Height='34' />
<VisualStyles>
<VisualStyle State='0' Mode='0'>
<Face Type='2D'>
<Color  R='0.752941' G='0.752941' B='0.752941' A='0' />
</Face>
<Image Id='21' Alpha='1' />
<Text Id='35' FontId='20' Alignment='CenterCenter' Wrap='False'>
<Color  R='1' G='1' B='1' A='1' />
</Text>
</VisualStyle>
<VisualStyle State='1' Mode='0'>
<Face Type='2D'>
<Color  R='0.752941' G='0.752941' B='0.752941' A='0' />
</Face>
<Image Id='22' Alpha='1' FillMode='0' />
<Text Id='35' FontId='20' Alignment='CenterCenter' Wrap='False'>
<Color  R='0' G='0' B='0' A='1' />
</Text>
</VisualStyle>
</VisualStyles>
<Bindings>
<Binding Id='327' Type='Digital' Property='State'/>
</Bindings>
<Commands>
<Command Action='TouchDown' Id='327' Type='Digital' Value='True' />
<Command Action='TouchUp' Id='327' Type='Digital' Value='False' />
</Commands>
</Control>
<Control Type='Button' Name='Button'>
<Position Units='Pixels' X='567' Y='330' />
<Size Units='Pixels' Width='50' Height='34' />
<VisualStyles>
<VisualStyle State='0' Mode='0'>
<Face Type='2D'>
<Color  R='0.752941' G='0.752941' B='0.752941' A='0' />
</Face>
<Image Id='21' Alpha='1' />
<Text Id='34' FontId='20' Alignment='CenterCenter' Wrap='False'>
<Color  R='1' G='1' B='1' A='1' />
</Text>
</VisualStyle>
<VisualStyle State='1' Mode='0'>
<Face Type='2D'>
<Color  R='0.752941' G='0.752941' B='0.752941' A='0' />
</Face>
<Image Id='22' Alpha='1' FillMode='0' />
<Text Id='34' FontId='20' Alignment='CenterCenter' Wrap='False'>
<Color  R='0' G='0' B='0' A='1' />
</Text>
</VisualStyle>
</VisualStyles>
<Bindings>
<Binding Id='326' Type='Digital' Property='State'/>
</Bindings>
<Commands>
<Command Action='TouchDown' Id='326' Type='Digital' Value='True' />
<Command Action='TouchUp' Id='326' Type='Digital' Value='False' />
</Commands>
</Control>
<Control Type='Button' Name='Text'>
<Position Units='Pixels' X='117' Y='330' />
<Size Units='Pixels' Width='143' Height='34' />
<VisualStyles>
<VisualStyle State='0' Mode='0'>
<Text FontId='3' Alignment='CenterLeft' Wrap='False'>
<Bindings>
<Binding Id='196' Type='Serial' Property='Text'/>
</Bindings>
<Color  R='0.917647' G='0.917647' B='0.917647' A='1' />
</Text>
</VisualStyle>
</VisualStyles>
</Control>
<Control Type='Button' Name='Animation' KeyClick='False'>
<Position Units='Pixels' X='346' Y='334' />
<Size Units='Pixels' Width='200' Height='25' />
<VisualStyles>
<VisualStyle  Mode='0' State='0'>
<Image Id='49' Alpha='1' />
</VisualStyle>
<VisualStyle  Mode='1' State='0'>
<Image Id='50' Alpha='1' />
</VisualStyle>
<VisualStyle  Mode='2' State='0'>
<Image Id='51' Alpha='1' />
</VisualStyle>
<VisualStyle  Mode='3' State='0'>
<Image Id='52' Alpha='1' />
</VisualStyle>
<VisualStyle  Mode='4' State='0'>
<Image Id='53' Alpha='1' />
</VisualStyle>
<VisualStyle  Mode='5' State='0'>
<Image Id='54' Alpha='1' />
</VisualStyle>
<VisualStyle  Mode='6' State='0'>
<Image Id='55' Alpha='1' />
</VisualStyle>
<VisualStyle  Mode='7' State='0'>
<Image Id='56' Alpha='1' />
</VisualStyle>
<VisualStyle  Mode='8' State='0'>
<Image Id='57' Alpha='1' />
</VisualStyle>
<VisualStyle  Mode='9' State='0'>
<Image Id='58' Alpha='1' />
</VisualStyle>
<VisualStyle  Mode='10' State='0'>
<Image Id='59' Alpha='1' />
</VisualStyle>
<VisualStyle  Mode='11' State='0'>
<Image Id='60' Alpha='1' />
</VisualStyle>
<VisualStyle  Mode='12' State='0'>
<Image Id='61' Alpha='1' />
</VisualStyle>
<VisualStyle  Mode='13' State='0'>
<Image Id='62' Alpha='1' />
</VisualStyle>
<VisualStyle  Mode='14' State='0'>
<Image Id='63' Alpha='1' />
</VisualStyle>
<VisualStyle  Mode='15' State='0'>
<Image Id='64' Alpha='1' />
</VisualStyle>
<VisualStyle  Mode='16' State='0'>
<Image Id='65' Alpha='1' />
</VisualStyle>
<VisualStyle  Mode='17' State='0'>
<Image Id='66' Alpha='1' />
</VisualStyle>
<VisualStyle  Mode='18' State='0'>
<Image Id='67' Alpha='1' />
</VisualStyle>
<VisualStyle  Mode='19' State='0'>
<Image Id='68' Alpha='1' />
</VisualStyle>
<VisualStyle  Mode='20' State='0'>
<Image Id='69' Alpha='1' />
</VisualStyle>
<VisualStyle  Mode='21' State='0'>
<Image Id='70' Alpha='1' />
</VisualStyle>
<VisualStyle  Mode='22' State='0'>
<Image Id='71' Alpha='1' />
</VisualStyle>
<VisualStyle  Mode='23' State='0'>
<Image Id='72' Alpha='1' />
</VisualStyle>
<VisualStyle  Mode='24' State='0'>
<Image Id='73' Alpha='1' />
</VisualStyle>
<VisualStyle  Mode='25' State='0'>
<Image Id='74' Alpha='1' />
</VisualStyle>
<VisualStyle  Mode='26' State='0'>
<Image Id='75' Alpha='1' />
</VisualStyle>
<VisualStyle  Mode='27' State='0'>
<Image Id='76' Alpha='1' />
</VisualStyle>
<VisualStyle  Mode='28' State='0'>
<Image Id='77' Alpha='1' />
</VisualStyle>
<VisualStyle  Mode='29' State='0'>
<Image Id='78' Alpha='1' />
</VisualStyle>
<VisualStyle  Mode='30' State='0'>
<Image Id='79' Alpha='1' />
</VisualStyle>
<VisualStyle  Mode='31' State='0'>
<Image Id='80' Alpha='1' />
</VisualStyle>
<VisualStyle  Mode='32' State='0'>
<Image Id='81' Alpha='1' />
</VisualStyle>
<VisualStyle  Mode='33' State='0'>
<Image Id='82' Alpha='1' />
</VisualStyle>
<VisualStyle  Mode='34' State='0'>
<Image Id='83' Alpha='1' />
</VisualStyle>
<VisualStyle  Mode='35' State='0'>
<Image Id='84' Alpha='1' />
</VisualStyle>
<VisualStyle  Mode='36' State='0'>
<Image Id='85' Alpha='1' />
</VisualStyle>
<VisualStyle  Mode='37' State='0'>
<Image Id='86' Alpha='1' />
</VisualStyle>
<VisualStyle  Mode='38' State='0'>
<Image Id='87' Alpha='1' />
</VisualStyle>
<VisualStyle  Mode='39' State='0'>
<Image Id='88' Alpha='1' />
</VisualStyle>
<VisualStyle  Mode='40' State='0'>
<Image Id='89' Alpha='1' />
</VisualStyle>
<VisualStyle  Mode='41' State='0'>
<Image Id='90' Alpha='1' />
</VisualStyle>
<VisualStyle  Mode='42' State='0'>
<Image Id='91' Alpha='1' />
</VisualStyle>
<VisualStyle  Mode='43' State='0'>
<Image Id='92' Alpha='1' />
</VisualStyle>
<VisualStyle  Mode='44' State='0'>
<Image Id='93' Alpha='1' />
</VisualStyle>
<VisualStyle  Mode='45' State='0'>
<Image Id='94' Alpha='1' />
</VisualStyle>
<VisualStyle  Mode='46' State='0'>
<Image Id='95' Alpha='1' />
</VisualStyle>
<VisualStyle  Mode='47' State='0'>
<Image Id='96' Alpha='1' />
</VisualStyle>
<VisualStyle  Mode='48' State='0'>
<Image Id='97' Alpha='1' />
</VisualStyle>
<VisualStyle  Mode='49' State='0'>
<Image Id='98' Alpha='1' />
</VisualStyle>
<VisualStyle  Mode='50' State='0'>
<Image Id='99' Alpha='1' />
</VisualStyle>
<VisualStyle  Mode='51' State='0'>
<Image Id='100' Alpha='1' />
</VisualStyle>
<VisualStyle  Mode='52' State='0'>
<Image Id='101' Alpha='1' />
</VisualStyle>
<VisualStyle  Mode='53' State='0'>
<Image Id='102' Alpha='1' />
</VisualStyle>
<VisualStyle  Mode='54' State='0'>
<Image Id='103' Alpha='1' />
</VisualStyle>
<VisualStyle  Mode='55' State='0'>
<Image Id='104' Alpha='1' />
</VisualStyle>
<VisualStyle  Mode='56' State='0'>
<Image Id='105' Alpha='1' />
</VisualStyle>
<VisualStyle  Mode='57' State='0'>
<Image Id='106' Alpha='1' />
</VisualStyle>
<VisualStyle  Mode='58' State='0'>
<Image Id='107' Alpha='1' />
</VisualStyle>
<VisualStyle  Mode='59' State='0'>
<Image Id='108' Alpha='1' />
</VisualStyle>
<VisualStyle  Mode='60' State='0'>
<Image Id='109' Alpha='1' />
</VisualStyle>
<VisualStyle  Mode='61' State='0'>
<Image Id='110' Alpha='1' />
</VisualStyle>
<VisualStyle  Mode='62' State='0'>
<Image Id='111' Alpha='1' />
</VisualStyle>
<VisualStyle  Mode='63' State='0'>
<Image Id='112' Alpha='1' />
</VisualStyle>
<VisualStyle  Mode='64' State='0'>
<Image Id='113' Alpha='1' />
</VisualStyle>
<VisualStyle  Mode='65' State='0'>
<Image Id='114' Alpha='1' />
</VisualStyle>
<VisualStyle  Mode='66' State='0'>
<Image Id='115' Alpha='1' />
</VisualStyle>
<VisualStyle  Mode='67' State='0'>
<Image Id='116' Alpha='1' />
</VisualStyle>
<VisualStyle  Mode='68' State='0'>
<Image Id='117' Alpha='1' />
</VisualStyle>
<VisualStyle  Mode='69' State='0'>
<Image Id='118' Alpha='1' />
</VisualStyle>
<VisualStyle  Mode='70' State='0'>
<Image Id='119' Alpha='1' />
</VisualStyle>
<VisualStyle  Mode='71' State='0'>
<Image Id='120' Alpha='1' />
</VisualStyle>
<VisualStyle  Mode='72' State='0'>
<Image Id='121' Alpha='1' />
</VisualStyle>
<VisualStyle  Mode='73' State='0'>
<Image Id='122' Alpha='1' />
</VisualStyle>
<VisualStyle  Mode='74' State='0'>
<Image Id='123' Alpha='1' />
</VisualStyle>
<VisualStyle  Mode='75' State='0'>
<Image Id='124' Alpha='1' />
</VisualStyle>
<VisualStyle  Mode='76' State='0'>
<Image Id='125' Alpha='1' />
</VisualStyle>
<VisualStyle  Mode='77' State='0'>
<Image Id='126' Alpha='1' />
</VisualStyle>
<VisualStyle  Mode='78' State='0'>
<Image Id='127' Alpha='1' />
</VisualStyle>
<VisualStyle  Mode='79' State='0'>
<Image Id='128' Alpha='1' />
</VisualStyle>
<VisualStyle  Mode='80' State='0'>
<Image Id='129' Alpha='1' />
</VisualStyle>
<VisualStyle  Mode='81' State='0'>
<Image Id='130' Alpha='1' />
</VisualStyle>
<VisualStyle  Mode='82' State='0'>
<Image Id='131' Alpha='1' />
</VisualStyle>
<VisualStyle  Mode='83' State='0'>
<Image Id='132' Alpha='1' />
</VisualStyle>
<VisualStyle  Mode='84' State='0'>
<Image Id='133' Alpha='1' />
</VisualStyle>
<VisualStyle  Mode='85' State='0'>
<Image Id='134' Alpha='1' />
</VisualStyle>
<VisualStyle  Mode='86' State='0'>
<Image Id='135' Alpha='1' />
</VisualStyle>
<VisualStyle  Mode='87' State='0'>
<Image Id='136' Alpha='1' />
</VisualStyle>
<VisualStyle  Mode='88' State='0'>
<Image Id='137' Alpha='1' />
</VisualStyle>
<VisualStyle  Mode='89' State='0'>
<Image Id='138' Alpha='1' />
</VisualStyle>
<VisualStyle  Mode='90' State='0'>
<Image Id='139' Alpha='1' />
</VisualStyle>
<VisualStyle  Mode='91' State='0'>
<Image Id='140' Alpha='1' />
</VisualStyle>
<VisualStyle  Mode='92' State='0'>
<Image Id='141' Alpha='1' />
</VisualStyle>
<VisualStyle  Mode='93' State='0'>
<Image Id='142' Alpha='1' />
</VisualStyle>
<VisualStyle  Mode='94' State='0'>
<Image Id='143' Alpha='1' />
</VisualStyle>
<VisualStyle  Mode='95' State='0'>
<Image Id='144' Alpha='1' />
</VisualStyle>
<VisualStyle  Mode='96' State='0'>
<Image Id='145' Alpha='1' />
</VisualStyle>
<VisualStyle  Mode='97' State='0'>
<Image Id='146' Alpha='1' />
</VisualStyle>
<VisualStyle  Mode='98' State='0'>
<Image Id='147' Alpha='1' />
</VisualStyle>
<VisualStyle  Mode='99' State='0'>
<Image Id='148' Alpha='1' />
</VisualStyle>
</VisualStyles>
<Bindings>
<Binding Id='36' Type='Analog' Property='Mode'/>
</Bindings>
</Control>
<Control Type='Button' Name='Button'>
<Position Units='Pixels' X='487' Y='393' />
<Size Units='Pixels' Width='102' Height='45' />
<VisualStyles>
<VisualStyle State='0' Mode='0'>
<Face Type='2D'>
<Color  R='0.752941' G='0.752941' B='0.752941' A='0' />
</Face>
<Image Id='21' Alpha='1' />
<Text FontId='1' Alignment='CenterCenter' Wrap='False'>
<Bindings>
<Binding Id='155' Type='Serial' Property='Text'/>
</Bindings>
<Color  R='1' G='1' B='1' A='1' />
</Text>
</VisualStyle>
<VisualStyle State='1' Mode='0'>
<Face Type='2D'>
<Color  R='0.752941' G='0.752941' B='0.752941' A='0' />
</Face>
<Image Id='22' Alpha='1' FillMode='0' />
<Text FontId='1' Alignment='CenterCenter' Wrap='False'>
<Bindings>
<Binding Id='155' Type='Serial' Property='Text'/>
</Bindings>
<Color  R='0' G='0' B='0' A='1' />
</Text>
</VisualStyle>
</VisualStyles>
<Bindings>
<Binding Id='314' Type='Digital' Property='State'/>
</Bindings>
<Commands>
<Command Action='TouchDown' Id='314' Type='Digital' Value='True' />
<Command Action='TouchUp' Id='314' Type='Digital' Value='False' />
</Commands>
</Control>
<Control Type='Button' Name='Button'>
<Position Units='Pixels' X='193' Y='393' />
<Size Units='Pixels' Width='102' Height='45' />
<VisualStyles>
<VisualStyle State='0' Mode='0'>
<Face Type='2D'>
<Color  R='0.752941' G='0.752941' B='0.752941' A='0' />
</Face>
<Image Id='21' Alpha='1' />
<Text FontId='1' Alignment='CenterCenter' Wrap='False'>
<Bindings>
<Binding Id='153' Type='Serial' Property='Text'/>
</Bindings>
<Color  R='1' G='1' B='1' A='1' />
</Text>
</VisualStyle>
<VisualStyle State='1' Mode='0'>
<Face Type='2D'>
<Color  R='0.752941' G='0.752941' B='0.752941' A='0' />
</Face>
<Image Id='22' Alpha='1' FillMode='0' />
<Text FontId='1' Alignment='CenterCenter' Wrap='False'>
<Bindings>
<Binding Id='153' Type='Serial' Property='Text'/>
</Bindings>
<Color  R='0' G='0' B='0' A='1' />
</Text>
</VisualStyle>
</VisualStyles>
<Bindings>
<Binding Id='312' Type='Digital' Property='State'/>
</Bindings>
<Commands>
<Command Action='TouchDown' Id='312' Type='Digital' Value='True' />
<Command Action='TouchUp' Id='312' Type='Digital' Value='False' />
</Commands>
</Control>
<Control Type='Button' Name='Button'>
<Position Units='Pixels' X='340' Y='393' />
<Size Units='Pixels' Width='102' Height='45' />
<VisualStyles>
<VisualStyle State='0' Mode='0'>
<Face Type='2D'>
<Color  R='0.752941' G='0.752941' B='0.752941' A='0' />
</Face>
<Image Id='21' Alpha='1' />
<Text FontId='1' Alignment='CenterCenter' Wrap='False'>
<Bindings>
<Binding Id='154' Type='Serial' Property='Text'/>
</Bindings>
<Color  R='1' G='1' B='1' A='1' />
</Text>
</VisualStyle>
<VisualStyle State='1' Mode='0'>
<Face Type='2D'>
<Color  R='0.752941' G='0.752941' B='0.752941' A='0' />
</Face>
<Image Id='22' Alpha='1' FillMode='0' />
<Text FontId='1' Alignment='CenterCenter' Wrap='False'>
<Bindings>
<Binding Id='154' Type='Serial' Property='Text'/>
</Bindings>
<Color  R='0' G='0' B='0' A='1' />
</Text>
</VisualStyle>
</VisualStyles>
<Bindings>
<Binding Id='313' Type='Digital' Property='State'/>
</Bindings>
<Commands>
<Command Action='TouchDown' Id='313' Type='Digital' Value='True' />
<Command Action='TouchUp' Id='313' Type='Digital' Value='False' />
</Commands>
</Control>
<Control Type='Button' Name='Button'>
<Position Units='Pixels' X='46' Y='393' />
<Size Units='Pixels' Width='102' Height='45' />
<VisualStyles>
<VisualStyle State='0' Mode='0'>
<Face Type='2D'>
<Color  R='0.752941' G='0.752941' B='0.752941' A='0' />
</Face>
<Image Id='21' Alpha='1' />
<Text FontId='1' Alignment='CenterCenter' Wrap='False'>
<Bindings>
<Binding Id='152' Type='Serial' Property='Text'/>
</Bindings>
<Color  R='1' G='1' B='1' A='1' />
</Text>
</VisualStyle>
<VisualStyle State='1' Mode='0'>
<Face Type='2D'>
<Color  R='0.752941' G='0.752941' B='0.752941' A='0' />
</Face>
<Image Id='22' Alpha='1' />
<Text FontId='1' Alignment='CenterCenter' Wrap='False'>
<Bindings>
<Binding Id='152' Type='Serial' Property='Text'/>
</Bindings>
<Color  R='0' G='0' B='0' A='1' />
</Text>
</VisualStyle>
</VisualStyles>
<Bindings>
<Binding Id='311' Type='Digital' Property='State'/>
</Bindings>
<Commands>
<Command Action='TouchDown' Id='311' Type='Digital' Value='True' />
<Command Action='TouchUp' Id='311' Type='Digital' Value='False' />
</Commands>
</Control>
</Control>
</File>
