<?xml version='1.0' encoding='ISO-8859-1' ?>
<File Type='Page' Version='5.1.0'>
<Control Type='Subpage' Name='[House Control] Heating - ok'>
<Position Units='Pixels' X='0' Y='0' />
<Size Units='Pixels' Width='635' Height='645' />
<VisualStyles>
<VisualStyle>
<Background>
<Color  R='0.501961' G='0.501961' B='0.501961' A='0' />
</Background>
</VisualStyle>
</VisualStyles>
<Control Type='Button' Name='Text'>
<Position Units='Pixels' X='236' Y='156' />
<Size Units='Pixels' Width='183' Height='32' />
<VisualStyles>
<VisualStyle State='0' Mode='0'>
<Text Id='4' FontId='3' Alignment='CenterCenter' Wrap='False'>
<Color  R='0.956863' G='0.956863' B='0.956863' A='1' />
</Text>
</VisualStyle>
</VisualStyles>
</Control>
<Control Type='Button' Name='Image' Anchoring='59'>
<Position Units='Pixels' X='280' Y='192' />
<Size Units='Pixels' Width='101' Height='36' />
<VisualStyles>
<VisualStyle State='0' Mode='0'>
<Image Id='20' Alpha='1' FillMode='0' />
</VisualStyle>
</VisualStyles>
</Control>
<Control Type='Button' Name='Text' Anchoring='59'>
<Position Units='Pixels' X='340' Y='187' />
<Size Units='Pixels' Width='26' Height='32' />
<VisualStyles>
<VisualStyle State='0' Mode='0'>
<Text Id='1' FontId='1' Alignment='CenterLeft' Wrap='False'>
<Color  R='0' G='0' B='0' A='1' />
</Text>
</VisualStyle>
</VisualStyles>
</Control>
<Control Type='Button' Name='Button'>
<Position Units='Pixels' X='259' Y='338' />
<Size Units='Pixels' Width='70' Height='45' />
<VisualStyles>
<VisualStyle State='0' Mode='0'>
<Face Type='2D'>
<Color  R='0.752941' G='0.752941' B='0.752941' A='0' />
</Face>
<Image Id='21' Alpha='1' FillMode='0' />
<Text Id='5' FontId='1' Alignment='CenterCenter' Wrap='False'>
<Color  R='1' G='1' B='1' A='1' />
</Text>
</VisualStyle>
<VisualStyle State='1' Mode='0'>
<Face Type='2D'>
<Color  R='0.752941' G='0.752941' B='0.752941' A='0' />
</Face>
<Image Id='22' Alpha='1' FillMode='0' />
<Text Id='5' FontId='1' Alignment='CenterCenter' Wrap='False'>
<Color  R='0' G='0' B='0' A='1' />
</Text>
</VisualStyle>
</VisualStyles>
<Bindings>
<Binding Id='274' Type='Digital' Property='State'/>
</Bindings>
<Commands>
<Command Action='TouchDown' Id='274' Type='Digital' Value='True' />
<Command Action='TouchUp' Id='274' Type='Digital' Value='False' />
</Commands>
</Control>
<Control Type='Button' Name='Button'>
<Position Units='Pixels' X='335' Y='338' />
<Size Units='Pixels' Width='70' Height='45' />
<VisualStyles>
<VisualStyle State='0' Mode='0'>
<Face Type='2D'>
<Color  R='0.752941' G='0.752941' B='0.752941' A='0' />
</Face>
<Image Id='21' Alpha='1' FillMode='0' />
<Text Id='6' FontId='1' Alignment='CenterCenter' Wrap='False'>
<Color  R='1' G='1' B='1' A='1' />
</Text>
</VisualStyle>
<VisualStyle State='1' Mode='0'>
<Face Type='2D'>
<Color  R='0.752941' G='0.752941' B='0.752941' A='0' />
</Face>
<Image Id='22' Alpha='1' FillMode='0' />
<Text Id='6' FontId='1' Alignment='CenterCenter' Wrap='False'>
<Color  R='0' G='0' B='0' A='1' />
</Text>
</VisualStyle>
</VisualStyles>
<Bindings>
<Binding Id='273' Type='Digital' Property='State'/>
</Bindings>
<Commands>
<Command Action='TouchDown' Id='273' Type='Digital' Value='True' />
<Command Action='TouchUp' Id='273' Type='Digital' Value='False' />
</Commands>
</Control>
<Control Type='Button' Name='Text'>
<Position Units='Pixels' X='234' Y='240' />
<Size Units='Pixels' Width='193' Height='24' />
<VisualStyles>
<VisualStyle State='0' Mode='0'>
<Text Id='7' FontId='3' Alignment='CenterCenter' Wrap='False'>
<Color  R='0.956863' G='0.956863' B='0.956863' A='1' />
</Text>
</VisualStyle>
</VisualStyles>
</Control>
<Control Type='Button' Name='Image' Anchoring='59'>
<Position Units='Pixels' X='279' Y='272' />
<Size Units='Pixels' Width='101' Height='36' />
<VisualStyles>
<VisualStyle State='0' Mode='0'>
<Image Id='20' Alpha='1' FillMode='0' />
</VisualStyle>
</VisualStyles>
</Control>
<Control Type='Button' Name='Text' Anchoring='59'>
<Position Units='Pixels' X='343' Y='272' />
<Size Units='Pixels' Width='26' Height='32' />
<VisualStyles>
<VisualStyle State='0' Mode='0'>
<Text Id='1' FontId='1' Alignment='CenterLeft' Wrap='False'>
<Color  R='0' G='0' B='0' A='1' />
</Text>
</VisualStyle>
</VisualStyles>
</Control>
<Control Type='Button' Name='Button'>
<Position Units='Pixels' X='17' Y='270' />
<Size Units='Pixels' Width='70' Height='45' />
<VisualStyles>
<VisualStyle State='0' Mode='0'>
<Face Type='2D'>
<Color  R='0.752941' G='0.752941' B='0.752941' A='0' />
</Face>
<Image Id='21' Alpha='1' />
<Text Id='8' FontId='1' Alignment='CenterCenter' Wrap='False'>
<Color  R='1' G='1' B='1' A='1' />
</Text>
</VisualStyle>
<VisualStyle State='1' Mode='0'>
<Face Type='2D'>
<Color  R='0.752941' G='0.752941' B='0.752941' A='0' />
</Face>
<Image Id='22' Alpha='1' FillMode='0' />
<Text Id='8' FontId='1' Alignment='CenterCenter' Wrap='False'>
<Color  R='0' G='0' B='0' A='1' />
</Text>
</VisualStyle>
</VisualStyles>
<Bindings>
<Binding Id='269' Type='Digital' Property='State'/>
</Bindings>
<Commands>
<Command Action='TouchDown' Id='269' Type='Digital' Value='True' />
<Command Action='TouchUp' Id='269' Type='Digital' Value='False' />
</Commands>
</Control>
<Control Type='Button' Name='Button'>
<Position Units='Pixels' X='107' Y='270' />
<Size Units='Pixels' Width='70' Height='45' />
<VisualStyles>
<VisualStyle State='0' Mode='0'>
<Face Type='2D'>
<Color  R='0.752941' G='0.752941' B='0.752941' A='0' />
</Face>
<Image Id='21' Alpha='1' />
<Text Id='9' FontId='1' Alignment='CenterCenter' Wrap='False'>
<Color  R='1' G='1' B='1' A='1' />
</Text>
</VisualStyle>
<VisualStyle State='1' Mode='0'>
<Face Type='2D'>
<Color  R='0.752941' G='0.752941' B='0.752941' A='0' />
</Face>
<Image Id='22' Alpha='1' FillMode='0' />
<Text Id='9' FontId='1' Alignment='CenterCenter' Wrap='False'>
<Color  R='0' G='0' B='0' A='1' />
</Text>
</VisualStyle>
</VisualStyles>
<Bindings>
<Binding Id='270' Type='Digital' Property='State'/>
</Bindings>
<Commands>
<Command Action='TouchDown' Id='270' Type='Digital' Value='True' />
<Command Action='TouchUp' Id='270' Type='Digital' Value='False' />
</Commands>
</Control>
<Control Type='Gauge' Name='DigitalGauge'>
<Position Units='Pixels' X='289' Y='193' />
<Size Units='Pixels' Width='76' Height='36' />
<VisualStyles>
<VisualStyle State='0' Mode='0'>
<Format Type='3' Signed='False'>
<Digital DecimalPosition='1' Digits='3' />
</Format>
<Face Type='2D'>
<Color  R='0.752941' G='0.752941' B='0.752941' A='0' />
</Face>
<Text FontId='4' Alignment='CenterCenter' Wrap='False'>
<Color  R='0' G='0' B='0' A='1' />
</Text>
</VisualStyle>
</VisualStyles>
<Bindings>
<Binding Id='14' Type='Analog' Property='Mode'/>
</Bindings>
</Control>
<Control Type='Gauge' Name='DigitalGauge'>
<Position Units='Pixels' X='288' Y='272' />
<Size Units='Pixels' Width='76' Height='36' />
<VisualStyles>
<VisualStyle State='0' Mode='0'>
<Format Type='3' Signed='False'>
<Digital DecimalPosition='1' Digits='3' />
</Format>
<Face Type='2D'>
<Color  R='0.752941' G='0.752941' B='0.752941' A='0' />
</Face>
<Text FontId='4' Alignment='CenterCenter' Wrap='False'>
<Color  R='0' G='0' B='0' A='1' />
</Text>
</VisualStyle>
</VisualStyles>
<Bindings>
<Binding Id='11' Type='Analog' Property='Mode'/>
</Bindings>
</Control>
<Control Type='Button' Name='Button'>
<Position Units='Pixels' X='497' Y='187' />
<Size Units='Pixels' Width='112' Height='45' />
<VisualStyles>
<VisualStyle State='0' Mode='0'>
<Face Type='2D'>
<Color  R='0.752941' G='0.752941' B='0.752941' A='0' />
</Face>
<Image Id='21' Alpha='1' />
<Text Id='10' FontId='1' Alignment='CenterCenter' Wrap='False'>
<Color  R='1' G='1' B='1' A='1' />
</Text>
</VisualStyle>
<VisualStyle State='1' Mode='0'>
<Face Type='2D'>
<Color  R='0.752941' G='0.752941' B='0.752941' A='0' />
</Face>
<Image Id='22' Alpha='1' />
<Text Id='10' FontId='1' Alignment='CenterCenter' Wrap='False'>
<Color  R='0' G='0' B='0' A='1' />
</Text>
</VisualStyle>
</VisualStyles>
<Bindings>
<Binding Id='275' Type='Digital' Property='State'/>
</Bindings>
<Commands>
<Command Action='TouchDown' Id='275' Type='Digital' Value='True' />
<Command Action='TouchUp' Id='275' Type='Digital' Value='False' />
</Commands>
</Control>
<Control Type='Button' Name='Button'>
<Position Units='Pixels' X='498' Y='263' />
<Size Units='Pixels' Width='112' Height='45' />
<VisualStyles>
<VisualStyle State='0' Mode='0'>
<Face Type='2D'>
<Color  R='0.752941' G='0.752941' B='0.752941' A='0' />
</Face>
<Image Id='21' Alpha='1' />
<Text Id='11' FontId='1' Alignment='CenterCenter' Wrap='False'>
<Color  R='1' G='1' B='1' A='1' />
</Text>
</VisualStyle>
<VisualStyle State='1' Mode='0'>
<Face Type='2D'>
<Color  R='0.752941' G='0.752941' B='0.752941' A='0' />
</Face>
<Image Id='22' Alpha='1' />
<Text Id='11' FontId='1' Alignment='CenterCenter' Wrap='False'>
<Color  R='0' G='0' B='0' A='1' />
</Text>
</VisualStyle>
</VisualStyles>
<Bindings>
<Binding Id='276' Type='Digital' Property='State'/>
</Bindings>
<Commands>
<Command Action='TouchDown' Id='276' Type='Digital' Value='True' />
<Command Action='TouchUp' Id='276' Type='Digital' Value='False' />
</Commands>
</Control>
<Control Type='Button' Name='Text'>
<Position Units='Pixels' X='238' Y='583' />
<Size Units='Pixels' Width='304' Height='49' />
<VisualStyles>
<VisualStyle State='0' Mode='0'>
<Text Id='12' FontId='4' Alignment='CenterCenter' Wrap='True'>
<Color  R='1' G='1' B='1' A='1' />
</Text>
</VisualStyle>
</VisualStyles>
</Control>
<Control Type='Button' Name='Button'>
<Position Units='Pixels' X='555' Y='565' />
<Size Units='Pixels' Width='80' Height='80' />
<VisualStyles>
<VisualStyle State='0' Mode='0'>
<Face Type='2D'>
<Color  R='1' G='1' B='1' A='0' />
</Face>
<Image Id='23' Alpha='1' />
</VisualStyle>
<VisualStyle State='1' Mode='0'>
<Face Type='2D'>
<Color  R='1' G='1' B='1' A='0' />
</Face>
<Image Id='23' Alpha='1' />
</VisualStyle>
</VisualStyles>
<Bindings>
<Binding Id='400' Type='Digital' Property='State'/>
</Bindings>
<Commands>
<Command Action='TouchDown' Id='400' Type='Digital' Value='True' />
<Command Action='TouchUp' Id='400' Type='Digital' Value='False' />
</Commands>
</Control>
<Control Type='Button' Name='Button'>
<Position Units='Pixels' X='497' Y='81' />
<Size Units='Pixels' Width='112' Height='49' />
<VisualStyles>
<VisualStyle State='0' Mode='0'>
<Face Type='2D'>
<Color  R='0.752941' G='0.752941' B='0.752941' A='0' />
</Face>
<Image Id='21' Alpha='1' />
<Text Id='13' FontId='5' Alignment='CenterCenter' Wrap='False'>
<Color  R='0.941176' G='0.941176' B='0.941176' A='1' />
</Text>
</VisualStyle>
<VisualStyle State='1' Mode='0'>
<Face Type='2D'>
<Color  R='0.752941' G='0.752941' B='0.752941' A='0' />
</Face>
<Image Id='22' Alpha='1' />
<Text Id='13' FontId='5' Alignment='CenterCenter' Wrap='False'>
<Color  R='0' G='0' B='0' A='1' />
</Text>
</VisualStyle>
</VisualStyles>
<Bindings>
<Binding Id='47' Type='Digital' Property='State'/>
</Bindings>
<Commands>
<Command Action='TouchDown' Id='47' Type='Digital' Value='True' />
<Command Action='TouchUp' Id='47' Type='Digital' Value='False' />
</Commands>
</Control>
<Control Type='Button' Name='Button'>
<Position Units='Pixels' X='17' Y='81' />
<Size Units='Pixels' Width='112' Height='49' />
<VisualStyles>
<VisualStyle State='0' Mode='0'>
<Face Type='2D'>
<Color  R='0.752941' G='0.752941' B='0.752941' A='0' />
</Face>
<Image Id='21' Alpha='1' />
<Text Id='14' FontId='5' Alignment='CenterCenter' Wrap='False'>
<Color  R='0.941176' G='0.941176' B='0.941176' A='1' />
</Text>
</VisualStyle>
<VisualStyle State='1' Mode='0'>
<Face Type='2D'>
<Color  R='0.752941' G='0.752941' B='0.752941' A='0' />
</Face>
<Image Id='22' Alpha='1' />
<Text Id='14' FontId='5' Alignment='CenterCenter' Wrap='False'>
<Color  R='0' G='0' B='0' A='1' />
</Text>
</VisualStyle>
</VisualStyles>
<Bindings>
<Binding Id='50' Type='Digital' Property='State'/>
</Bindings>
<Commands>
<Command Action='TouchDown' Id='50' Type='Digital' Value='True' />
<Command Action='TouchUp' Id='50' Type='Digital' Value='False' />
</Commands>
</Control>
<Control Type='Button' Name='Button'>
<Position Units='Pixels' X='129' Y='81' />
<Size Units='Pixels' Width='112' Height='49' />
<VisualStyles>
<VisualStyle State='0' Mode='0'>
<Face Type='2D'>
<Color  R='0.752941' G='0.752941' B='0.752941' A='0' />
</Face>
<Image Id='21' Alpha='1' />
<Text Id='15' FontId='5' Alignment='CenterCenter' Wrap='False'>
<Color  R='0.941176' G='0.941176' B='0.941176' A='1' />
</Text>
</VisualStyle>
<VisualStyle State='1' Mode='0'>
<Face Type='2D'>
<Color  R='0.752941' G='0.752941' B='0.752941' A='0' />
</Face>
<Image Id='22' Alpha='1' />
<Text Id='15' FontId='5' Alignment='CenterCenter' Wrap='False'>
<Color  R='0' G='0' B='0' A='1' />
</Text>
</VisualStyle>
</VisualStyles>
<Bindings>
<Binding Id='46' Type='Digital' Property='State'/>
</Bindings>
<Commands>
<Command Action='TouchDown' Id='46' Type='Digital' Value='True' />
<Command Action='TouchUp' Id='46' Type='Digital' Value='False' />
</Commands>
</Control>
<Control Type='Button' Name='Text'>
<Position Units='Pixels' X='42' Y='208' />
<Size Units='Pixels' Width='109' Height='32' />
<VisualStyles>
<VisualStyle State='0' Mode='0'>
<Text Id='16' FontId='2' Alignment='CenterCenter' Wrap='False'>
<Color  R='0.956863' G='0.956863' B='0.956863' A='1' />
</Text>
</VisualStyle>
</VisualStyles>
</Control>
</Control>
</File>
