<?xml version='1.0' encoding='ISO-8859-1' ?>
<File Type='Page' Version='5.1.0'>
<Control Type='Subpage' Name='[Lists] HOUSE LIST-CUT'>
<Position Units='Pixels' X='0' Y='0' />
<Size Units='Pixels' Width='125' Height='884' />
<VisualStyles>
<VisualStyle>
<Background>
<Color  R='0' G='0' B='0' A='0' />
</Background>
</VisualStyle>
</VisualStyles>
<Control Type='ScrollableArea' Name='List_1_1_1_1_1' Anchoring='20'>
<Position Units='Pixels' X='0' Y='0' />
<Size Units='Pixels' Width='125' Height='884' />
<ContentArea Orientation='0'>
<Control Type='Button' Name='Item 1' Anchoring='39'>
<Position Units='Pixels' X='0' Y='0' />
<Size Units='Pixels' Width='125' Height='125' />
<VisualStyles>
<VisualStyle State='0' Mode='0'>
<Face Type='2D'>
<Color  R='0.752941' G='0.752941' B='0.752941' A='0' />
</Face>
<Image Id='39' Alpha='1' FillMode='0'>
<TransparentColor R='0.752941' G='0.752941' B='0.752941' A='0' />
</Image>
</VisualStyle>
<VisualStyle State='1' Mode='0'>
<Face Type='2D'>
<Color  R='0.752941' G='0.752941' B='0.752941' A='0' />
</Face>
<Image Id='40' Alpha='1' FillMode='0'>
<TransparentColor R='0.752941' G='0.752941' B='0.752941' A='0' />
</Image>
</VisualStyle>
</VisualStyles>
<Bindings>
<Binding Id='41' Type='Digital' Property='State'/>
</Bindings>
<Commands>
<Command Action='TouchDown' Id='41' Type='Digital' Value='True' />
<Command Action='TouchUp' Id='41' Type='Digital' Value='False' />
</Commands>
</Control>
<Control Type='Button' Name='Item 2' Anchoring='39'>
<Position Units='Pixels' X='0' Y='125' />
<Size Units='Pixels' Width='125' Height='125' />
<VisualStyles>
<VisualStyle State='0' Mode='0'>
<Face Type='2D'>
<Color  R='0.752941' G='0.752941' B='0.752941' A='0' />
</Face>
<Image Id='41' Alpha='1' FillMode='0'>
<TransparentColor R='0.752941' G='0.752941' B='0.752941' A='0' />
</Image>
</VisualStyle>
<VisualStyle State='1' Mode='0'>
<Face Type='2D'>
<Color  R='0.752941' G='0.752941' B='0.752941' A='0' />
</Face>
<Image Id='42' Alpha='1' FillMode='0'>
<TransparentColor R='0.752941' G='0.752941' B='0.752941' A='0' />
</Image>
</VisualStyle>
</VisualStyles>
<Bindings>
<Binding Id='42' Type='Digital' Property='State'/>
</Bindings>
<Commands>
<Command Action='TouchDown' Id='42' Type='Digital' Value='True' />
<Command Action='TouchUp' Id='42' Type='Digital' Value='False' />
</Commands>
</Control>
</ContentArea >
</Control>
</Control>
</File>
