<?xml version='1.0' encoding='ISO-8859-1' ?>
<File Type='Page' Version='5.1.0'>
<Control Type='Subpage' Name='[Lists] LIVING LIST-CUT'>
<Position Units='Pixels' X='0' Y='0' />
<Size Units='Pixels' Width='125' Height='884' />
<VisualStyles>
<VisualStyle>
<Background>
<Color  R='0' G='0' B='0' A='0' />
</Background>
</VisualStyle>
</VisualStyles>
<Control Type='ScrollableArea' Name='List_1_2' Anchoring='20'>
<Position Units='Pixels' X='0' Y='0' />
<Size Units='Pixels' Width='125' Height='884' />
<ContentArea Orientation='0'>
<Control Type='Button' Name='Item 1' Anchoring='39'>
<Position Units='Pixels' X='0' Y='0' />
<Size Units='Pixels' Width='125' Height='125' />
<VisualStyles>
<VisualStyle State='0' Mode='0'>
<Face Type='2D'>
<Color  R='0.752941' G='0.752941' B='0.752941' A='0' />
</Face>
<Image Id='27' Alpha='1' FillMode='0'>
<TransparentColor R='0.752941' G='0.752941' B='0.752941' A='0' />
</Image>
</VisualStyle>
<VisualStyle State='1' Mode='0'>
<Face Type='2D'>
<Color  R='0.752941' G='0.752941' B='0.752941' A='0' />
</Face>
<Image Id='28' Alpha='1' FillMode='0'>
<TransparentColor R='0.752941' G='0.752941' B='0.752941' A='0' />
</Image>
</VisualStyle>
</VisualStyles>
<Bindings>
<Binding Id='36' Type='Digital' Property='State'/>
</Bindings>
<Commands>
<Command Action='TouchDown' Id='36' Type='Digital' Value='True' />
<Command Action='TouchUp' Id='36' Type='Digital' Value='False' />
</Commands>
</Control>
<Control Type='Button' Name='Item 2' Anchoring='39'>
<Position Units='Pixels' X='0' Y='125' />
<Size Units='Pixels' Width='125' Height='125' />
<VisualStyles>
<VisualStyle State='0' Mode='0'>
<Face Type='2D'>
<Color  R='0.752941' G='0.752941' B='0.752941' A='0' />
</Face>
<Image Id='29' Alpha='1' FillMode='0'>
<TransparentColor R='0.752941' G='0.752941' B='0.752941' A='0' />
</Image>
</VisualStyle>
<VisualStyle State='1' Mode='0'>
<Face Type='2D'>
<Color  R='0.752941' G='0.752941' B='0.752941' A='0' />
</Face>
<Image Id='30' Alpha='1' FillMode='0'>
<TransparentColor R='0.752941' G='0.752941' B='0.752941' A='0' />
</Image>
</VisualStyle>
</VisualStyles>
<Bindings>
<Binding Id='35' Type='Digital' Property='State'/>
</Bindings>
<Commands>
<Command Action='TouchDown' Id='35' Type='Digital' Value='True' />
<Command Action='TouchUp' Id='35' Type='Digital' Value='False' />
</Commands>
</Control>
<Control Type='Button' Name='Item 3' Anchoring='39'>
<Position Units='Pixels' X='0' Y='250' />
<Size Units='Pixels' Width='125' Height='125' />
<VisualStyles>
<VisualStyle State='0' Mode='0'>
<Face Type='2D'>
<Color  R='0.752941' G='0.752941' B='0.752941' A='0' />
</Face>
<Image Id='31' Alpha='1' FillMode='0'>
<TransparentColor R='0.752941' G='0.752941' B='0.752941' A='0' />
</Image>
</VisualStyle>
<VisualStyle State='1' Mode='0'>
<Face Type='2D'>
<Color  R='0.752941' G='0.752941' B='0.752941' A='0' />
</Face>
<Image Id='32' Alpha='1' FillMode='0'>
<TransparentColor R='0.752941' G='0.752941' B='0.752941' A='0' />
</Image>
</VisualStyle>
</VisualStyles>
<Bindings>
<Binding Id='37' Type='Digital' Property='State'/>
</Bindings>
<Commands>
<Command Action='TouchDown' Id='37' Type='Digital' Value='True' />
<Command Action='TouchUp' Id='37' Type='Digital' Value='False' />
</Commands>
</Control>
<Control Type='Button' Name='Item 4' Anchoring='39'>
<Position Units='Pixels' X='0' Y='375' />
<Size Units='Pixels' Width='125' Height='125' />
<VisualStyles>
<VisualStyle State='0' Mode='0'>
<Face Type='2D'>
<Color  R='0.752941' G='0.752941' B='0.752941' A='0' />
</Face>
<Image Id='33' Alpha='1' FillMode='0'>
<TransparentColor R='0.752941' G='0.752941' B='0.752941' A='0' />
</Image>
</VisualStyle>
<VisualStyle State='1' Mode='0'>
<Face Type='2D'>
<Color  R='0.752941' G='0.752941' B='0.752941' A='0' />
</Face>
<Image Id='34' Alpha='1' FillMode='0'>
<TransparentColor R='0.752941' G='0.752941' B='0.752941' A='0' />
</Image>
</VisualStyle>
</VisualStyles>
<Bindings>
<Binding Id='38' Type='Digital' Property='State'/>
</Bindings>
<Commands>
<Command Action='TouchDown' Id='38' Type='Digital' Value='True' />
<Command Action='TouchUp' Id='38' Type='Digital' Value='False' />
</Commands>
</Control>
<Control Type='Button' Name='Item 5' Anchoring='39'>
<Position Units='Pixels' X='0' Y='500' />
<Size Units='Pixels' Width='125' Height='125' />
<VisualStyles>
<VisualStyle State='0' Mode='0'>
<Face Type='2D'>
<Color  R='0.752941' G='0.752941' B='0.752941' A='0' />
</Face>
<Image Id='35' Alpha='1' FillMode='0'>
<TransparentColor R='0.752941' G='0.752941' B='0.752941' A='0' />
</Image>
</VisualStyle>
<VisualStyle State='1' Mode='0'>
<Face Type='2D'>
<Color  R='0.752941' G='0.752941' B='0.752941' A='0' />
</Face>
<Image Id='36' Alpha='1' FillMode='0'>
<TransparentColor R='0.752941' G='0.752941' B='0.752941' A='0' />
</Image>
</VisualStyle>
</VisualStyles>
<Bindings>
<Binding Id='39' Type='Digital' Property='State'/>
</Bindings>
<Commands>
<Command Action='TouchDown' Id='39' Type='Digital' Value='True' />
<Command Action='TouchUp' Id='39' Type='Digital' Value='False' />
</Commands>
</Control>
<Control Type='Button' Name='Item 6' Anchoring='39'>
<Position Units='Pixels' X='0' Y='625' />
<Size Units='Pixels' Width='125' Height='125' />
<VisualStyles>
<VisualStyle State='0' Mode='0'>
<Face Type='2D'>
<Color  R='0.752941' G='0.752941' B='0.752941' A='0' />
</Face>
<Image Id='37' Alpha='1' FillMode='0'>
<TransparentColor R='0.752941' G='0.752941' B='0.752941' A='0' />
</Image>
</VisualStyle>
<VisualStyle State='1' Mode='0'>
<Face Type='2D'>
<Color  R='0.752941' G='0.752941' B='0.752941' A='0' />
</Face>
<Image Id='38' Alpha='1' FillMode='0'>
<TransparentColor R='0.752941' G='0.752941' B='0.752941' A='0' />
</Image>
</VisualStyle>
</VisualStyles>
<Bindings>
<Binding Id='40' Type='Digital' Property='State'/>
</Bindings>
<Commands>
<Command Action='TouchDown' Id='40' Type='Digital' Value='True' />
<Command Action='TouchUp' Id='40' Type='Digital' Value='False' />
</Commands>
</Control>
<Control Type='Button' Name='Item 7' Anchoring='39'>
<Position Units='Pixels' X='0' Y='750' />
<Size Units='Pixels' Width='125' Height='125' />
<VisualStyles>
<VisualStyle State='0' Mode='0'>
<Face Type='2D'>
<Color  R='0.752941' G='0.752941' B='0.752941' A='0' />
</Face>
<Image Id='39' Alpha='1' FillMode='0'>
<TransparentColor R='0.752941' G='0.752941' B='0.752941' A='0' />
</Image>
</VisualStyle>
<VisualStyle State='1' Mode='0'>
<Face Type='2D'>
<Color  R='0.752941' G='0.752941' B='0.752941' A='0' />
</Face>
<Image Id='40' Alpha='1' FillMode='0'>
<TransparentColor R='0.752941' G='0.752941' B='0.752941' A='0' />
</Image>
</VisualStyle>
</VisualStyles>
<Bindings>
<Binding Id='41' Type='Digital' Property='State'/>
</Bindings>
<Commands>
<Command Action='TouchDown' Id='41' Type='Digital' Value='True' />
<Command Action='TouchUp' Id='41' Type='Digital' Value='False' />
</Commands>
</Control>
<Control Type='Button' Name='Item 8' Anchoring='39'>
<Position Units='Pixels' X='0' Y='875' />
<Size Units='Pixels' Width='125' Height='125' />
<VisualStyles>
<VisualStyle State='0' Mode='0'>
<Face Type='2D'>
<Color  R='0.752941' G='0.752941' B='0.752941' A='0' />
</Face>
<Image Id='41' Alpha='1' FillMode='0'>
<TransparentColor R='0.752941' G='0.752941' B='0.752941' A='0' />
</Image>
</VisualStyle>
<VisualStyle State='1' Mode='0'>
<Face Type='2D'>
<Color  R='0.752941' G='0.752941' B='0.752941' A='0' />
</Face>
<Image Id='42' Alpha='1' FillMode='0'>
<TransparentColor R='0.752941' G='0.752941' B='0.752941' A='0' />
</Image>
</VisualStyle>
</VisualStyles>
<Bindings>
<Binding Id='42' Type='Digital' Property='State'/>
</Bindings>
<Commands>
<Command Action='TouchDown' Id='42' Type='Digital' Value='True' />
<Command Action='TouchUp' Id='42' Type='Digital' Value='False' />
</Commands>
</Control>
</ContentArea >
</Control>
</Control>
</File>
