<?xml version='1.0' encoding='ISO-8859-1' ?>
<File Type='Page' Version='5.1.0'>
<Control Type='Subpage' Name='[Not in use] Local_Landing'>
<Position Units='Pixels' X='0' Y='0' />
<Size Units='Pixels' Width='635' Height='550' />
<VisualStyles>
<VisualStyle>
<Background>
<Color  R='0' G='0' B='0' A='0' />
</Background>
</VisualStyle>
</VisualStyles>
<Control Type='Button' Name='Button'>
<Position Units='Pixels' X='526' Y='43' />
<Size Units='Pixels' Width='101' Height='51' />
<VisualStyles>
<VisualStyle State='0' Mode='0'>
<Face Type='2D'>
<Color  R='0.752941' G='0.752941' B='0.752941' A='0' />
</Face>
<Image Id='21' Alpha='1' />
<Text Id='111' FontId='1' Alignment='CenterCenter' Wrap='False'>
<Color  R='1' G='1' B='1' A='1' />
</Text>
</VisualStyle>
<VisualStyle State='1' Mode='0'>
<Face Type='2D'>
<Color  R='0.752941' G='0.752941' B='0.752941' A='0' />
</Face>
<Image Id='22' Alpha='1' FillMode='0' />
<Text Id='111' FontId='1' Alignment='CenterCenter' Wrap='False'>
<Color  R='0' G='0' B='0' A='1' />
</Text>
</VisualStyle>
</VisualStyles>
</Control>
<Control Type='Button' Name='Text'>
<Position Units='Pixels' X='28' Y='0' />
<Size Units='Pixels' Width='381' Height='35' />
<VisualStyles>
<VisualStyle State='0' Mode='0'>
<Text Id='3' FontId='2' Alignment='CenterLeft' Wrap='False'>
<Color  R='1' G='1' B='1' A='1' />
</Text>
</VisualStyle>
</VisualStyles>
</Control>
<Control Type='Button' Name='Text'>
<Position Units='Pixels' X='427' Y='0' />
<Size Units='Pixels' Width='208' Height='35' />
<VisualStyles>
<VisualStyle State='0' Mode='0'>
<Text Id='21' FontId='2' Alignment='CenterLeft' Wrap='False'>
<Color  R='0.772549' G='0.717647' B='0.505882' A='1' />
</Text>
</VisualStyle>
</VisualStyles>
</Control>
<Control Type='Button' Name='Image'>
<Position Units='Pixels' X='126' Y='43' />
<Size Units='Pixels' Width='380' Height='500' />
<VisualStyles>
<VisualStyle State='0' Mode='0'>
<Image Id='169' Alpha='1' />
</VisualStyle>
</VisualStyles>
</Control>
</Control>
</File>
