<?xml version='1.0' encoding='ISO-8859-1' ?>
<File Type='Page' Version='5.1.0'>
<Control Type='Subpage' Name='[Source control] Radio - ok'>
<Position Units='Pixels' X='0' Y='0' />
<Size Units='Pixels' Width='635' Height='645' />
<VisualStyles>
<VisualStyle>
<Background>
<Color  R='0.501961' G='0.501961' B='0.501961' A='0' />
</Background>
</VisualStyle>
</VisualStyles>
<Control Type='Button' Name='Button'>
<Position Units='Pixels' X='67' Y='158' />
<Size Units='Pixels' Width='141' Height='43' />
<VisualStyles>
<VisualStyle State='0' Mode='0'>
<Face Type='2D'>
<Color  R='0.752941' G='0.752941' B='0.752941' A='0' />
</Face>
<Image Id='21' Alpha='1' FillMode='0' />
<Text FontId='6' Alignment='CenterCenter' Wrap='False'>
<Bindings>
<Binding Id='85' Type='Serial' Property='Text'/>
</Bindings>
<Color  R='0.941176' G='0.941176' B='0.941176' A='1' />
</Text>
</VisualStyle>
<VisualStyle State='1' Mode='0'>
<Face Type='2D'>
<Color  R='0.752941' G='0.752941' B='0.752941' A='0' />
</Face>
<Image Id='22' Alpha='1' FillMode='0' />
<Text FontId='6' Alignment='CenterCenter' Wrap='False'>
<Bindings>
<Binding Id='85' Type='Serial' Property='Text'/>
</Bindings>
<Color  R='0' G='0' B='0' A='1' />
</Text>
</VisualStyle>
</VisualStyles>
<Bindings>
<Binding Id='180' Type='Digital' Property='State'/>
</Bindings>
<Commands>
<Command Action='TouchDown' Id='180' Type='Digital' Value='True' />
<Command Action='TouchUp' Id='180' Type='Digital' Value='False' />
</Commands>
</Control>
<Control Type='Button' Name='Button'>
<Position Units='Pixels' X='67' Y='210' />
<Size Units='Pixels' Width='141' Height='43' />
<VisualStyles>
<VisualStyle State='0' Mode='0'>
<Face Type='2D'>
<Color  R='0.752941' G='0.752941' B='0.752941' A='0' />
</Face>
<Image Id='21' Alpha='1' />
<Text FontId='6' Alignment='CenterCenter' Wrap='False'>
<Bindings>
<Binding Id='88' Type='Serial' Property='Text'/>
</Bindings>
<Color  R='0.941176' G='0.941176' B='0.941176' A='1' />
</Text>
</VisualStyle>
<VisualStyle State='1' Mode='0'>
<Face Type='2D'>
<Color  R='0.752941' G='0.752941' B='0.752941' A='0' />
</Face>
<Image Id='22' Alpha='1' FillMode='0' />
<Text FontId='6' Alignment='CenterCenter' Wrap='False'>
<Bindings>
<Binding Id='88' Type='Serial' Property='Text'/>
</Bindings>
<Color  R='0' G='0' B='0' A='1' />
</Text>
</VisualStyle>
</VisualStyles>
<Bindings>
<Binding Id='183' Type='Digital' Property='State'/>
</Bindings>
<Commands>
<Command Action='TouchDown' Id='183' Type='Digital' Value='True' />
<Command Action='TouchUp' Id='183' Type='Digital' Value='False' />
</Commands>
</Control>
<Control Type='Button' Name='Button'>
<Position Units='Pixels' X='67' Y='262' />
<Size Units='Pixels' Width='141' Height='43' />
<VisualStyles>
<VisualStyle State='0' Mode='0'>
<Face Type='2D'>
<Color  R='0.752941' G='0.752941' B='0.752941' A='0' />
</Face>
<Image Id='21' Alpha='1' />
<Text FontId='6' Alignment='CenterCenter' Wrap='False'>
<Bindings>
<Binding Id='91' Type='Serial' Property='Text'/>
</Bindings>
<Color  R='0.941176' G='0.941176' B='0.941176' A='1' />
</Text>
</VisualStyle>
<VisualStyle State='1' Mode='0'>
<Face Type='2D'>
<Color  R='0.752941' G='0.752941' B='0.752941' A='0' />
</Face>
<Image Id='22' Alpha='1' FillMode='0' />
<Text FontId='6' Alignment='CenterCenter' Wrap='False'>
<Bindings>
<Binding Id='91' Type='Serial' Property='Text'/>
</Bindings>
<Color  R='0' G='0' B='0' A='1' />
</Text>
</VisualStyle>
</VisualStyles>
<Bindings>
<Binding Id='186' Type='Digital' Property='State'/>
</Bindings>
<Commands>
<Command Action='TouchDown' Id='186' Type='Digital' Value='True' />
<Command Action='TouchUp' Id='186' Type='Digital' Value='False' />
</Commands>
</Control>
<Control Type='Button' Name='Button'>
<Position Units='Pixels' X='67' Y='314' />
<Size Units='Pixels' Width='141' Height='43' />
<VisualStyles>
<VisualStyle State='0' Mode='0'>
<Face Type='2D'>
<Color  R='0.752941' G='0.752941' B='0.752941' A='0' />
</Face>
<Image Id='21' Alpha='1' FillMode='0' />
<Text FontId='6' Alignment='CenterCenter' Wrap='False'>
<Bindings>
<Binding Id='94' Type='Serial' Property='Text'/>
</Bindings>
<Color  R='0.941176' G='0.941176' B='0.941176' A='1' />
</Text>
</VisualStyle>
<VisualStyle State='1' Mode='0'>
<Face Type='2D'>
<Color  R='0.752941' G='0.752941' B='0.752941' A='0' />
</Face>
<Image Id='22' Alpha='1' FillMode='0' />
<Text FontId='6' Alignment='CenterCenter' Wrap='False'>
<Bindings>
<Binding Id='94' Type='Serial' Property='Text'/>
</Bindings>
<Color  R='0' G='0' B='0' A='1' />
</Text>
</VisualStyle>
</VisualStyles>
<Bindings>
<Binding Id='189' Type='Digital' Property='State'/>
</Bindings>
<Commands>
<Command Action='TouchDown' Id='189' Type='Digital' Value='True' />
<Command Action='TouchUp' Id='189' Type='Digital' Value='False' />
</Commands>
</Control>
<Control Type='Button' Name='Button'>
<Position Units='Pixels' X='227' Y='262' />
<Size Units='Pixels' Width='141' Height='43' />
<VisualStyles>
<VisualStyle State='0' Mode='0'>
<Face Type='2D'>
<Color  R='0.752941' G='0.752941' B='0.752941' A='0' />
</Face>
<Image Id='21' Alpha='1' FillMode='0' />
<Text FontId='6' Alignment='CenterCenter' Wrap='False'>
<Bindings>
<Binding Id='92' Type='Serial' Property='Text'/>
</Bindings>
<Color  R='0.941176' G='0.941176' B='0.941176' A='1' />
</Text>
</VisualStyle>
<VisualStyle State='1' Mode='0'>
<Face Type='2D'>
<Color  R='0.752941' G='0.752941' B='0.752941' A='0' />
</Face>
<Image Id='22' Alpha='1' FillMode='0' />
<Text FontId='6' Alignment='CenterCenter' Wrap='False'>
<Bindings>
<Binding Id='92' Type='Serial' Property='Text'/>
</Bindings>
<Color  R='0' G='0' B='0' A='1' />
</Text>
</VisualStyle>
</VisualStyles>
<Bindings>
<Binding Id='187' Type='Digital' Property='State'/>
</Bindings>
<Commands>
<Command Action='TouchDown' Id='187' Type='Digital' Value='True' />
<Command Action='TouchUp' Id='187' Type='Digital' Value='False' />
</Commands>
</Control>
<Control Type='Button' Name='Button'>
<Position Units='Pixels' X='227' Y='158' />
<Size Units='Pixels' Width='141' Height='43' />
<VisualStyles>
<VisualStyle State='0' Mode='0'>
<Face Type='2D'>
<Color  R='0.752941' G='0.752941' B='0.752941' A='0' />
</Face>
<Image Id='21' Alpha='1' FillMode='0' />
<Text FontId='6' Alignment='CenterCenter' Wrap='False'>
<Bindings>
<Binding Id='86' Type='Serial' Property='Text'/>
</Bindings>
<Color  R='0.941176' G='0.941176' B='0.941176' A='1' />
</Text>
</VisualStyle>
<VisualStyle State='1' Mode='0'>
<Face Type='2D'>
<Color  R='0.752941' G='0.752941' B='0.752941' A='0' />
</Face>
<Image Id='22' Alpha='1' FillMode='0' />
<Text FontId='6' Alignment='CenterCenter' Wrap='False'>
<Bindings>
<Binding Id='86' Type='Serial' Property='Text'/>
</Bindings>
<Color  R='0' G='0' B='0' A='1' />
</Text>
</VisualStyle>
</VisualStyles>
<Bindings>
<Binding Id='181' Type='Digital' Property='State'/>
</Bindings>
<Commands>
<Command Action='TouchDown' Id='181' Type='Digital' Value='True' />
<Command Action='TouchUp' Id='181' Type='Digital' Value='False' />
</Commands>
</Control>
<Control Type='Button' Name='Button'>
<Position Units='Pixels' X='227' Y='210' />
<Size Units='Pixels' Width='141' Height='43' />
<VisualStyles>
<VisualStyle State='0' Mode='0'>
<Face Type='2D'>
<Color  R='0.752941' G='0.752941' B='0.752941' A='0' />
</Face>
<Image Id='21' Alpha='1' />
<Text FontId='6' Alignment='CenterCenter' Wrap='False'>
<Bindings>
<Binding Id='89' Type='Serial' Property='Text'/>
</Bindings>
<Color  R='0.941176' G='0.941176' B='0.941176' A='1' />
</Text>
</VisualStyle>
<VisualStyle State='1' Mode='0'>
<Face Type='2D'>
<Color  R='0.752941' G='0.752941' B='0.752941' A='0' />
</Face>
<Image Id='22' Alpha='1' FillMode='0' />
<Text FontId='6' Alignment='CenterCenter' Wrap='False'>
<Bindings>
<Binding Id='89' Type='Serial' Property='Text'/>
</Bindings>
<Color  R='0' G='0' B='0' A='1' />
</Text>
</VisualStyle>
</VisualStyles>
<Bindings>
<Binding Id='184' Type='Digital' Property='State'/>
</Bindings>
<Commands>
<Command Action='TouchDown' Id='184' Type='Digital' Value='True' />
<Command Action='TouchUp' Id='184' Type='Digital' Value='False' />
</Commands>
</Control>
<Control Type='Button' Name='Button'>
<Position Units='Pixels' X='227' Y='314' />
<Size Units='Pixels' Width='141' Height='43' />
<VisualStyles>
<VisualStyle State='0' Mode='0'>
<Face Type='2D'>
<Color  R='0.752941' G='0.752941' B='0.752941' A='0' />
</Face>
<Image Id='21' Alpha='1' FillMode='0' />
<Text FontId='6' Alignment='CenterCenter' Wrap='False'>
<Bindings>
<Binding Id='95' Type='Serial' Property='Text'/>
</Bindings>
<Color  R='0.941176' G='0.941176' B='0.941176' A='1' />
</Text>
</VisualStyle>
<VisualStyle State='1' Mode='0'>
<Face Type='2D'>
<Color  R='0.752941' G='0.752941' B='0.752941' A='0' />
</Face>
<Image Id='22' Alpha='1' FillMode='0' />
<Text FontId='6' Alignment='CenterCenter' Wrap='False'>
<Bindings>
<Binding Id='95' Type='Serial' Property='Text'/>
</Bindings>
<Color  R='0' G='0' B='0' A='1' />
</Text>
</VisualStyle>
</VisualStyles>
<Bindings>
<Binding Id='190' Type='Digital' Property='State'/>
</Bindings>
<Commands>
<Command Action='TouchDown' Id='190' Type='Digital' Value='True' />
<Command Action='TouchUp' Id='190' Type='Digital' Value='False' />
</Commands>
</Control>
<Control Type='Button' Name='Button'>
<Position Units='Pixels' X='387' Y='158' />
<Size Units='Pixels' Width='141' Height='43' />
<VisualStyles>
<VisualStyle State='0' Mode='0'>
<Face Type='2D'>
<Color  R='0.752941' G='0.752941' B='0.752941' A='0' />
</Face>
<Image Id='21' Alpha='1' />
<Text FontId='6' Alignment='CenterCenter' Wrap='False'>
<Bindings>
<Binding Id='87' Type='Serial' Property='Text'/>
</Bindings>
<Color  R='0.941176' G='0.941176' B='0.941176' A='1' />
</Text>
</VisualStyle>
<VisualStyle State='1' Mode='0'>
<Face Type='2D'>
<Color  R='0.752941' G='0.752941' B='0.752941' A='0' />
</Face>
<Image Id='22' Alpha='1' FillMode='0' />
<Text FontId='6' Alignment='CenterCenter' Wrap='False'>
<Bindings>
<Binding Id='87' Type='Serial' Property='Text'/>
</Bindings>
<Color  R='0' G='0' B='0' A='1' />
</Text>
</VisualStyle>
</VisualStyles>
<Bindings>
<Binding Id='182' Type='Digital' Property='State'/>
</Bindings>
<Commands>
<Command Action='TouchDown' Id='182' Type='Digital' Value='True' />
<Command Action='TouchUp' Id='182' Type='Digital' Value='False' />
</Commands>
</Control>
<Control Type='Button' Name='Button'>
<Position Units='Pixels' X='387' Y='210' />
<Size Units='Pixels' Width='141' Height='43' />
<VisualStyles>
<VisualStyle State='0' Mode='0'>
<Face Type='2D'>
<Color  R='0.752941' G='0.752941' B='0.752941' A='0' />
</Face>
<Image Id='21' Alpha='1' FillMode='0' />
<Text FontId='6' Alignment='CenterCenter' Wrap='False'>
<Bindings>
<Binding Id='90' Type='Serial' Property='Text'/>
</Bindings>
<Color  R='0.941176' G='0.941176' B='0.941176' A='1' />
</Text>
</VisualStyle>
<VisualStyle State='1' Mode='0'>
<Face Type='2D'>
<Color  R='0.752941' G='0.752941' B='0.752941' A='0' />
</Face>
<Image Id='22' Alpha='1' FillMode='0' />
<Text FontId='6' Alignment='CenterCenter' Wrap='False'>
<Bindings>
<Binding Id='90' Type='Serial' Property='Text'/>
</Bindings>
<Color  R='0' G='0' B='0' A='1' />
</Text>
</VisualStyle>
</VisualStyles>
<Bindings>
<Binding Id='185' Type='Digital' Property='State'/>
</Bindings>
<Commands>
<Command Action='TouchDown' Id='185' Type='Digital' Value='True' />
<Command Action='TouchUp' Id='185' Type='Digital' Value='False' />
</Commands>
</Control>
<Control Type='Button' Name='Button'>
<Position Units='Pixels' X='387' Y='262' />
<Size Units='Pixels' Width='141' Height='43' />
<VisualStyles>
<VisualStyle State='0' Mode='0'>
<Face Type='2D'>
<Color  R='0.752941' G='0.752941' B='0.752941' A='0' />
</Face>
<Image Id='21' Alpha='1' FillMode='0' />
<Text FontId='6' Alignment='CenterCenter' Wrap='False'>
<Bindings>
<Binding Id='93' Type='Serial' Property='Text'/>
</Bindings>
<Color  R='0.941176' G='0.941176' B='0.941176' A='1' />
</Text>
</VisualStyle>
<VisualStyle State='1' Mode='0'>
<Face Type='2D'>
<Color  R='0.752941' G='0.752941' B='0.752941' A='0' />
</Face>
<Image Id='22' Alpha='1' FillMode='0' />
<Text FontId='6' Alignment='CenterCenter' Wrap='False'>
<Bindings>
<Binding Id='93' Type='Serial' Property='Text'/>
</Bindings>
<Color  R='0' G='0' B='0' A='1' />
</Text>
</VisualStyle>
</VisualStyles>
<Bindings>
<Binding Id='188' Type='Digital' Property='State'/>
</Bindings>
<Commands>
<Command Action='TouchDown' Id='188' Type='Digital' Value='True' />
<Command Action='TouchUp' Id='188' Type='Digital' Value='False' />
</Commands>
</Control>
<Control Type='Button' Name='Button'>
<Position Units='Pixels' X='387' Y='314' />
<Size Units='Pixels' Width='141' Height='43' />
<VisualStyles>
<VisualStyle State='0' Mode='0'>
<Face Type='2D'>
<Color  R='0.752941' G='0.752941' B='0.752941' A='0' />
</Face>
<Image Id='21' Alpha='1' FillMode='0' />
<Text FontId='6' Alignment='CenterCenter' Wrap='False'>
<Bindings>
<Binding Id='96' Type='Serial' Property='Text'/>
</Bindings>
<Color  R='0.941176' G='0.941176' B='0.941176' A='1' />
</Text>
</VisualStyle>
<VisualStyle State='1' Mode='0'>
<Face Type='2D'>
<Color  R='0.752941' G='0.752941' B='0.752941' A='0' />
</Face>
<Image Id='22' Alpha='1' FillMode='0' />
<Text FontId='6' Alignment='CenterCenter' Wrap='False'>
<Bindings>
<Binding Id='96' Type='Serial' Property='Text'/>
</Bindings>
<Color  R='0' G='0' B='0' A='1' />
</Text>
</VisualStyle>
</VisualStyles>
<Bindings>
<Binding Id='191' Type='Digital' Property='State'/>
</Bindings>
<Commands>
<Command Action='TouchDown' Id='191' Type='Digital' Value='True' />
<Command Action='TouchUp' Id='191' Type='Digital' Value='False' />
</Commands>
</Control>
<Control Type='Button' Name='Text'>
<Position Units='Pixels' X='65' Y='73' />
<Size Units='Pixels' Width='192' Height='32' />
<VisualStyles>
<VisualStyle State='0' Mode='0'>
<Text Id='17' FontId='2' Alignment='CenterLeft' Wrap='False'>
<Color  R='0.956863' G='0.956863' B='0.956863' A='1' />
</Text>
</VisualStyle>
</VisualStyles>
</Control>
<Control Type='Button' Name='Text'>
<Position Units='Pixels' X='249' Y='73' />
<Size Units='Pixels' Width='148' Height='32' />
<VisualStyles>
<VisualStyle State='0' Mode='0'>
<Text FontId='2' Alignment='CenterLeft' Wrap='False'>
<Bindings>
<Binding Id='80' Type='Serial' Property='Text'/>
</Bindings>
<Color  R='0.956863' G='0.956863' B='0.956863' A='1' />
</Text>
</VisualStyle>
</VisualStyles>
</Control>
</Control>
</File>
