<?xml version='1.0' encoding='ISO-8859-1' ?>
<File Type='Page' Version='5.1.0'>
<Control Type='Subpage' Name='[Source control] Sky -Keypad - ok'>
<Position Units='Pixels' X='0' Y='0' />
<Size Units='Pixels' Width='635' Height='645' />
<VisualStyles>
<VisualStyle>
<Background>
<Color  R='0' G='0' B='0' A='0' />
</Background>
</VisualStyle>
</VisualStyles>
<Control Type='Button' Name='Button'>
<Position Units='Pixels' X='16' Y='151' />
<Size Units='Pixels' Width='85' Height='43' />
<VisualStyles>
<VisualStyle State='0' Mode='0'>
<Face Type='2D'>
<Color  R='0.752941' G='0.752941' B='0.752941' A='0' />
</Face>
<Image Id='21' Alpha='1' FillMode='0' />
<Text Id='99' FontId='5' Alignment='CenterCenter' Wrap='False'>
<Color  R='0.941176' G='0.941176' B='0.941176' A='1' />
</Text>
</VisualStyle>
<VisualStyle State='1' Mode='0'>
<Face Type='2D'>
<Color  R='0.752941' G='0.752941' B='0.752941' A='0' />
</Face>
<Image Id='22' Alpha='1' FillMode='0' />
<Text Id='99' FontId='5' Alignment='CenterCenter' Wrap='False'>
<Color  R='0' G='0' B='0' A='1' />
</Text>
</VisualStyle>
</VisualStyles>
<Bindings>
<Binding Id='106' Type='Digital' Property='State'/>
</Bindings>
<Commands>
<Command Action='TouchDown' Id='106' Type='Digital' Value='True' />
<Command Action='TouchUp' Id='106' Type='Digital' Value='False' />
</Commands>
</Control>
<Control Type='Button' Name='Button'>
<Position Units='Pixels' X='112' Y='151' />
<Size Units='Pixels' Width='85' Height='43' />
<VisualStyles>
<VisualStyle State='0' Mode='0'>
<Face Type='2D'>
<Color  R='0.752941' G='0.752941' B='0.752941' A='0' />
</Face>
<Image Id='21' Alpha='1' FillMode='0' />
<Text Id='100' FontId='5' Alignment='CenterCenter' Wrap='False'>
<Color  R='0.941176' G='0.941176' B='0.941176' A='1' />
</Text>
</VisualStyle>
<VisualStyle State='1' Mode='0'>
<Face Type='2D'>
<Color  R='0.752941' G='0.752941' B='0.752941' A='0' />
</Face>
<Image Id='22' Alpha='1' FillMode='0' />
<Text Id='100' FontId='5' Alignment='CenterCenter' Wrap='False'>
<Color  R='0' G='0' B='0' A='1' />
</Text>
</VisualStyle>
</VisualStyles>
<Bindings>
<Binding Id='107' Type='Digital' Property='State'/>
</Bindings>
<Commands>
<Command Action='TouchDown' Id='107' Type='Digital' Value='True' />
<Command Action='TouchUp' Id='107' Type='Digital' Value='False' />
</Commands>
</Control>
<Control Type='Button' Name='Button'>
<Position Units='Pixels' X='212' Y='151' />
<Size Units='Pixels' Width='85' Height='43' />
<VisualStyles>
<VisualStyle State='0' Mode='0'>
<Face Type='2D'>
<Color  R='0.752941' G='0.752941' B='0.752941' A='0' />
</Face>
<Image Id='21' Alpha='1' FillMode='0' />
<Text Id='101' FontId='5' Alignment='CenterCenter' Wrap='False'>
<Color  R='0.941176' G='0.941176' B='0.941176' A='1' />
</Text>
</VisualStyle>
<VisualStyle State='1' Mode='0'>
<Face Type='2D'>
<Color  R='0.752941' G='0.752941' B='0.752941' A='0' />
</Face>
<Image Id='22' Alpha='1' FillMode='0' />
<Text Id='101' FontId='5' Alignment='CenterCenter' Wrap='False'>
<Color  R='0' G='0' B='0' A='1' />
</Text>
</VisualStyle>
</VisualStyles>
<Bindings>
<Binding Id='108' Type='Digital' Property='State'/>
</Bindings>
<Commands>
<Command Action='TouchDown' Id='108' Type='Digital' Value='True' />
<Command Action='TouchUp' Id='108' Type='Digital' Value='False' />
</Commands>
</Control>
<Control Type='Button' Name='Button'>
<Position Units='Pixels' X='212' Y='221' />
<Size Units='Pixels' Width='85' Height='43' />
<VisualStyles>
<VisualStyle State='0' Mode='0'>
<Face Type='2D'>
<Color  R='0.752941' G='0.752941' B='0.752941' A='0' />
</Face>
<Image Id='21' Alpha='1' FillMode='0' />
<Text Id='102' FontId='5' Alignment='CenterCenter' Wrap='False'>
<Color  R='0.941176' G='0.941176' B='0.941176' A='1' />
</Text>
</VisualStyle>
<VisualStyle State='1' Mode='0'>
<Face Type='2D'>
<Color  R='0.752941' G='0.752941' B='0.752941' A='0' />
</Face>
<Image Id='22' Alpha='1' FillMode='0' />
<Text Id='102' FontId='5' Alignment='CenterCenter' Wrap='False'>
<Color  R='0' G='0' B='0' A='1' />
</Text>
</VisualStyle>
</VisualStyles>
<Bindings>
<Binding Id='111' Type='Digital' Property='State'/>
</Bindings>
<Commands>
<Command Action='TouchDown' Id='111' Type='Digital' Value='True' />
<Command Action='TouchUp' Id='111' Type='Digital' Value='False' />
</Commands>
</Control>
<Control Type='Button' Name='Button'>
<Position Units='Pixels' X='112' Y='221' />
<Size Units='Pixels' Width='85' Height='43' />
<VisualStyles>
<VisualStyle State='0' Mode='0'>
<Face Type='2D'>
<Color  R='0.752941' G='0.752941' B='0.752941' A='0' />
</Face>
<Image Id='21' Alpha='1' FillMode='0' />
<Text Id='103' FontId='5' Alignment='CenterCenter' Wrap='False'>
<Color  R='0.941176' G='0.941176' B='0.941176' A='1' />
</Text>
</VisualStyle>
<VisualStyle State='1' Mode='0'>
<Face Type='2D'>
<Color  R='0.752941' G='0.752941' B='0.752941' A='0' />
</Face>
<Image Id='22' Alpha='1' FillMode='0' />
<Text Id='103' FontId='5' Alignment='CenterCenter' Wrap='False'>
<Color  R='0' G='0' B='0' A='1' />
</Text>
</VisualStyle>
</VisualStyles>
<Bindings>
<Binding Id='110' Type='Digital' Property='State'/>
</Bindings>
<Commands>
<Command Action='TouchDown' Id='110' Type='Digital' Value='True' />
<Command Action='TouchUp' Id='110' Type='Digital' Value='False' />
</Commands>
</Control>
<Control Type='Button' Name='Button'>
<Position Units='Pixels' X='16' Y='221' />
<Size Units='Pixels' Width='85' Height='43' />
<VisualStyles>
<VisualStyle State='0' Mode='0'>
<Face Type='2D'>
<Color  R='0.752941' G='0.752941' B='0.752941' A='0' />
</Face>
<Image Id='21' Alpha='1' FillMode='0' />
<Text Id='104' FontId='5' Alignment='CenterCenter' Wrap='False'>
<Color  R='0.941176' G='0.941176' B='0.941176' A='1' />
</Text>
</VisualStyle>
<VisualStyle State='1' Mode='0'>
<Face Type='2D'>
<Color  R='0.752941' G='0.752941' B='0.752941' A='0' />
</Face>
<Image Id='22' Alpha='1' FillMode='0' />
<Text Id='104' FontId='5' Alignment='CenterCenter' Wrap='False'>
<Color  R='0' G='0' B='0' A='1' />
</Text>
</VisualStyle>
</VisualStyles>
<Bindings>
<Binding Id='109' Type='Digital' Property='State'/>
</Bindings>
<Commands>
<Command Action='TouchDown' Id='109' Type='Digital' Value='True' />
<Command Action='TouchUp' Id='109' Type='Digital' Value='False' />
</Commands>
</Control>
<Control Type='Button' Name='Button'>
<Position Units='Pixels' X='16' Y='291' />
<Size Units='Pixels' Width='85' Height='43' />
<VisualStyles>
<VisualStyle State='0' Mode='0'>
<Face Type='2D'>
<Color  R='0.752941' G='0.752941' B='0.752941' A='0' />
</Face>
<Image Id='21' Alpha='1' FillMode='0' />
<Text Id='105' FontId='5' Alignment='CenterCenter' Wrap='False'>
<Color  R='0.941176' G='0.941176' B='0.941176' A='1' />
</Text>
</VisualStyle>
<VisualStyle State='1' Mode='0'>
<Face Type='2D'>
<Color  R='0.752941' G='0.752941' B='0.752941' A='0' />
</Face>
<Image Id='22' Alpha='1' FillMode='0' />
<Text Id='105' FontId='5' Alignment='CenterCenter' Wrap='False'>
<Color  R='0' G='0' B='0' A='1' />
</Text>
</VisualStyle>
</VisualStyles>
<Bindings>
<Binding Id='112' Type='Digital' Property='State'/>
</Bindings>
<Commands>
<Command Action='TouchDown' Id='112' Type='Digital' Value='True' />
<Command Action='TouchUp' Id='112' Type='Digital' Value='False' />
</Commands>
</Control>
<Control Type='Button' Name='Button'>
<Position Units='Pixels' X='112' Y='291' />
<Size Units='Pixels' Width='85' Height='43' />
<VisualStyles>
<VisualStyle State='0' Mode='0'>
<Face Type='2D'>
<Color  R='0.752941' G='0.752941' B='0.752941' A='0' />
</Face>
<Image Id='21' Alpha='1' FillMode='0' />
<Text Id='106' FontId='5' Alignment='CenterCenter' Wrap='False'>
<Color  R='0.941176' G='0.941176' B='0.941176' A='1' />
</Text>
</VisualStyle>
<VisualStyle State='1' Mode='0'>
<Face Type='2D'>
<Color  R='0.752941' G='0.752941' B='0.752941' A='0' />
</Face>
<Image Id='22' Alpha='1' FillMode='0' />
<Text Id='106' FontId='5' Alignment='CenterCenter' Wrap='False'>
<Color  R='0' G='0' B='0' A='1' />
</Text>
</VisualStyle>
</VisualStyles>
<Bindings>
<Binding Id='113' Type='Digital' Property='State'/>
</Bindings>
<Commands>
<Command Action='TouchDown' Id='113' Type='Digital' Value='True' />
<Command Action='TouchUp' Id='113' Type='Digital' Value='False' />
</Commands>
</Control>
<Control Type='Button' Name='Button'>
<Position Units='Pixels' X='212' Y='291' />
<Size Units='Pixels' Width='85' Height='43' />
<VisualStyles>
<VisualStyle State='0' Mode='0'>
<Face Type='2D'>
<Color  R='0.752941' G='0.752941' B='0.752941' A='0' />
</Face>
<Image Id='21' Alpha='1' FillMode='0' />
<Text Id='107' FontId='5' Alignment='CenterCenter' Wrap='False'>
<Color  R='0.941176' G='0.941176' B='0.941176' A='1' />
</Text>
</VisualStyle>
<VisualStyle State='1' Mode='0'>
<Face Type='2D'>
<Color  R='0.752941' G='0.752941' B='0.752941' A='0' />
</Face>
<Image Id='22' Alpha='1' FillMode='0' />
<Text Id='107' FontId='5' Alignment='CenterCenter' Wrap='False'>
<Color  R='0' G='0' B='0' A='1' />
</Text>
</VisualStyle>
</VisualStyles>
<Bindings>
<Binding Id='114' Type='Digital' Property='State'/>
</Bindings>
<Commands>
<Command Action='TouchDown' Id='114' Type='Digital' Value='True' />
<Command Action='TouchUp' Id='114' Type='Digital' Value='False' />
</Commands>
</Control>
<Control Type='Button' Name='Button'>
<Position Units='Pixels' X='112' Y='361' />
<Size Units='Pixels' Width='85' Height='43' />
<VisualStyles>
<VisualStyle State='0' Mode='0'>
<Face Type='2D'>
<Color  R='0.752941' G='0.752941' B='0.752941' A='0' />
</Face>
<Image Id='21' Alpha='1' FillMode='0' />
<Text Id='108' FontId='5' Alignment='CenterCenter' Wrap='False'>
<Color  R='0.941176' G='0.941176' B='0.941176' A='1' />
</Text>
</VisualStyle>
<VisualStyle State='1' Mode='0'>
<Face Type='2D'>
<Color  R='0.752941' G='0.752941' B='0.752941' A='0' />
</Face>
<Image Id='22' Alpha='1' FillMode='0' />
<Text Id='108' FontId='5' Alignment='CenterCenter' Wrap='False'>
<Color  R='0' G='0' B='0' A='1' />
</Text>
</VisualStyle>
</VisualStyles>
<Bindings>
<Binding Id='115' Type='Digital' Property='State'/>
</Bindings>
<Commands>
<Command Action='TouchDown' Id='115' Type='Digital' Value='True' />
<Command Action='TouchUp' Id='115' Type='Digital' Value='False' />
</Commands>
</Control>
<Control Type='Button' Name='Image'>
<Position Units='Pixels' X='330' Y='340' />
<Size Units='Pixels' Width='209' Height='50' />
<VisualStyles>
<VisualStyle State='0' Mode='0'>
<Image Id='21' Alpha='1' FillMode='0' />
</VisualStyle>
</VisualStyles>
</Control>
<Control Type='Button' Name='Image'>
<Position Units='Pixels' X='322' Y='103' />
<Size Units='Pixels' Width='220' Height='220' />
<VisualStyles>
<VisualStyle State='0' Mode='0'>
<Image Id='151' Alpha='1' FillMode='0' />
</VisualStyle>
</VisualStyles>
</Control>
<Control Type='Button' Name='Button'>
<Position Units='Pixels' X='392' Y='108' />
<Size Units='Pixels' Width='80' Height='60' />
<VisualStyles>
<VisualStyle State='0' Mode='0'>
<Face Type='2D'>
<Color  R='0.752941' G='0.752941' B='0.752941' A='0' />
</Face>
<Image Id='152' Alpha='1' FillMode='0' />
</VisualStyle>
<VisualStyle State='1' Mode='0'>
<Face Type='2D'>
<Color  R='0.752941' G='0.752941' B='0.752941' A='0' />
</Face>
<Image Id='153' Alpha='1' FillMode='0' />
</VisualStyle>
</VisualStyles>
<Bindings>
<Binding Id='101' Type='Digital' Property='State'/>
</Bindings>
<Commands>
<Command Action='TouchDown' Id='101' Type='Digital' Value='True' />
<Command Action='TouchUp' Id='101' Type='Digital' Value='False' />
</Commands>
</Control>
<Control Type='Button' Name='Button'>
<Position Units='Pixels' X='330' Y='170' />
<Size Units='Pixels' Width='60' Height='80' />
<VisualStyles>
<VisualStyle State='0' Mode='0'>
<Face Type='2D'>
<Color  R='0.752941' G='0.752941' B='0.752941' A='0' />
</Face>
<Image Id='154' Alpha='1' FillMode='0' />
</VisualStyle>
<VisualStyle State='1' Mode='0'>
<Face Type='2D'>
<Color  R='0.752941' G='0.752941' B='0.752941' A='0' />
</Face>
<Image Id='155' Alpha='1' FillMode='0' />
</VisualStyle>
</VisualStyles>
<Bindings>
<Binding Id='103' Type='Digital' Property='State'/>
</Bindings>
<Commands>
<Command Action='TouchDown' Id='103' Type='Digital' Value='True' />
<Command Action='TouchUp' Id='103' Type='Digital' Value='False' />
</Commands>
</Control>
<Control Type='Button' Name='Button'>
<Position Units='Pixels' X='392' Y='252' />
<Size Units='Pixels' Width='80' Height='60' />
<VisualStyles>
<VisualStyle State='0' Mode='0'>
<Face Type='2D'>
<Color  R='0.752941' G='0.752941' B='0.752941' A='0' />
</Face>
<Image Id='156' Alpha='1' FillMode='0' />
</VisualStyle>
<VisualStyle State='1' Mode='0'>
<Face Type='2D'>
<Color  R='0.752941' G='0.752941' B='0.752941' A='0' />
</Face>
<Image Id='157' Alpha='1' FillMode='0' />
</VisualStyle>
</VisualStyles>
<Bindings>
<Binding Id='102' Type='Digital' Property='State'/>
</Bindings>
<Commands>
<Command Action='TouchDown' Id='102' Type='Digital' Value='True' />
<Command Action='TouchUp' Id='102' Type='Digital' Value='False' />
</Commands>
</Control>
<Control Type='Button' Name='Button'>
<Position Units='Pixels' X='392' Y='180' />
<Size Units='Pixels' Width='80' Height='60' />
<VisualStyles>
<VisualStyle State='0' Mode='0'>
<Face Type='2D'>
<Color  R='0.752941' G='0.752941' B='0.752941' A='0' />
</Face>
<Image Id='158' Alpha='1' FillMode='0' />
</VisualStyle>
<VisualStyle State='1' Mode='0'>
<Face Type='2D'>
<Color  R='0.752941' G='0.752941' B='0.752941' A='0' />
</Face>
<Image Id='159' Alpha='1' FillMode='0' />
</VisualStyle>
</VisualStyles>
<Bindings>
<Binding Id='105' Type='Digital' Property='State'/>
</Bindings>
<Commands>
<Command Action='TouchDown' Id='105' Type='Digital' Value='True' />
<Command Action='TouchUp' Id='105' Type='Digital' Value='False' />
</Commands>
</Control>
<Control Type='Button' Name='Button'>
<Position Units='Pixels' X='468' Y='170' />
<Size Units='Pixels' Width='60' Height='80' />
<VisualStyles>
<VisualStyle State='0' Mode='0'>
<Face Type='2D'>
<Color  R='0.752941' G='0.752941' B='0.752941' A='0' />
</Face>
<Image Id='160' Alpha='1' FillMode='0' />
</VisualStyle>
<VisualStyle State='1' Mode='0'>
<Face Type='2D'>
<Color  R='0.752941' G='0.752941' B='0.752941' A='0' />
</Face>
<Image Id='161' Alpha='1' FillMode='0' />
</VisualStyle>
</VisualStyles>
<Bindings>
<Binding Id='104' Type='Digital' Property='State'/>
</Bindings>
<Commands>
<Command Action='TouchDown' Id='104' Type='Digital' Value='True' />
<Command Action='TouchUp' Id='104' Type='Digital' Value='False' />
</Commands>
</Control>
<Control Type='Button' Name='Text'>
<Position Units='Pixels' X='556' Y='209' />
<Size Units='Pixels' Width='67' Height='32' />
<VisualStyles>
<VisualStyle State='0' Mode='0'>
<Text Id='62' FontId='16' Alignment='CenterCenter' Wrap='False'>
<Color  R='0.745098' G='0.878431' B='0.862745' A='1' />
</Text>
</VisualStyle>
</VisualStyles>
</Control>
<Control Type='Button' Name='Button'>
<Position Units='Pixels' X='556' Y='122' />
<Size Units='Pixels' Width='67' Height='69' />
<VisualStyles>
<VisualStyle State='0' Mode='0'>
<Face Type='2D'>
<Color  R='0.752941' G='0.752941' B='0.752941' A='0' />
</Face>
<Image Id='21' Alpha='1' />
<Text Id='34' FontId='17' Alignment='CenterCenter' Wrap='False'>
<Color  R='1' G='1' B='1' A='1' />
</Text>
</VisualStyle>
<VisualStyle State='1' Mode='0'>
<Face Type='2D'>
<Color  R='0.752941' G='0.752941' B='0.752941' A='0' />
</Face>
<Image Id='22' Alpha='1' FillMode='0' />
<Text Id='34' FontId='17' Alignment='CenterCenter' Wrap='False'>
<Color  R='0' G='0' B='0' A='1' />
</Text>
</VisualStyle>
</VisualStyles>
<Bindings>
<Binding Id='141' Type='Digital' Property='State'/>
</Bindings>
<Commands>
<Command Action='TouchDown' Id='141' Type='Digital' Value='True' />
<Command Action='TouchUp' Id='141' Type='Digital' Value='False' />
</Commands>
</Control>
<Control Type='Button' Name='Button'>
<Position Units='Pixels' X='556' Y='259' />
<Size Units='Pixels' Width='67' Height='69' />
<VisualStyles>
<VisualStyle State='0' Mode='0'>
<Face Type='2D'>
<Color  R='0.752941' G='0.752941' B='0.752941' A='0' />
</Face>
<Image Id='21' Alpha='1' />
<Text Id='35' FontId='17' Alignment='CenterCenter' Wrap='False'>
<Color  R='1' G='1' B='1' A='1' />
</Text>
</VisualStyle>
<VisualStyle State='1' Mode='0'>
<Face Type='2D'>
<Color  R='0.752941' G='0.752941' B='0.752941' A='0' />
</Face>
<Image Id='22' Alpha='1' FillMode='0' />
<Text Id='35' FontId='17' Alignment='CenterCenter' Wrap='False'>
<Color  R='0' G='0' B='0' A='1' />
</Text>
</VisualStyle>
</VisualStyles>
<Bindings>
<Binding Id='142' Type='Digital' Property='State'/>
</Bindings>
<Commands>
<Command Action='TouchDown' Id='142' Type='Digital' Value='True' />
<Command Action='TouchUp' Id='142' Type='Digital' Value='False' />
</Commands>
</Control>
<Control Type='Button' Name='Button'>
<Position Units='Pixels' X='347' Y='348' />
<Size Units='Pixels' Width='37' Height='32' />
<VisualStyles>
<VisualStyle State='0' Mode='0'>
<Face Type='2D'>
<Color  R='1' G='0' B='0' A='1' />
</Face>
<Image Id='21' Alpha='1' />
</VisualStyle>
<VisualStyle State='1' Mode='0'>
<Face Type='2D'>
<Color  R='0.752941' G='0.752941' B='0.752941' A='0' />
</Face>
<Image Id='22' Alpha='1' />
</VisualStyle>
</VisualStyles>
<Bindings>
<Binding Id='124' Type='Digital' Property='State'/>
</Bindings>
<Commands>
<Command Action='TouchDown' Id='124' Type='Digital' Value='True' />
<Command Action='TouchUp' Id='124' Type='Digital' Value='False' />
</Commands>
</Control>
<Control Type='Button' Name='Button'>
<Position Units='Pixels' X='393' Y='348' />
<Size Units='Pixels' Width='37' Height='32' />
<VisualStyles>
<VisualStyle State='0' Mode='0'>
<Face Type='2D'>
<Color  R='0' G='1' B='0' A='1' />
</Face>
<Image Id='21' Alpha='1' />
</VisualStyle>
<VisualStyle State='1' Mode='0'>
<Face Type='2D'>
<Color  R='0.752941' G='0.752941' B='0.752941' A='0' />
</Face>
<Image Id='22' Alpha='1' />
</VisualStyle>
</VisualStyles>
<Bindings>
<Binding Id='125' Type='Digital' Property='State'/>
</Bindings>
<Commands>
<Command Action='TouchDown' Id='125' Type='Digital' Value='True' />
<Command Action='TouchUp' Id='125' Type='Digital' Value='False' />
</Commands>
</Control>
<Control Type='Button' Name='Button'>
<Position Units='Pixels' X='439' Y='348' />
<Size Units='Pixels' Width='37' Height='32' />
<VisualStyles>
<VisualStyle State='0' Mode='0'>
<Face Type='2D'>
<Color  R='1' G='1' B='0' A='1' />
</Face>
<Image Id='21' Alpha='1' />
</VisualStyle>
<VisualStyle State='1' Mode='0'>
<Face Type='2D'>
<Color  R='0.752941' G='0.752941' B='0.752941' A='0' />
</Face>
<Image Id='22' Alpha='1' />
</VisualStyle>
</VisualStyles>
<Bindings>
<Binding Id='126' Type='Digital' Property='State'/>
</Bindings>
<Commands>
<Command Action='TouchDown' Id='126' Type='Digital' Value='True' />
<Command Action='TouchUp' Id='126' Type='Digital' Value='False' />
</Commands>
</Control>
<Control Type='Button' Name='Button'>
<Position Units='Pixels' X='482' Y='348' />
<Size Units='Pixels' Width='37' Height='32' />
<VisualStyles>
<VisualStyle State='0' Mode='0'>
<Face Type='2D'>
<Color  R='0' G='0' B='1' A='1' />
</Face>
<Image Id='21' Alpha='1' />
</VisualStyle>
<VisualStyle State='1' Mode='0'>
<Face Type='2D'>
<Color  R='0.752941' G='0.752941' B='0.752941' A='0' />
</Face>
<Image Id='22' Alpha='1' />
</VisualStyle>
</VisualStyles>
<Bindings>
<Binding Id='127' Type='Digital' Property='State'/>
</Bindings>
<Commands>
<Command Action='TouchDown' Id='127' Type='Digital' Value='True' />
<Command Action='TouchUp' Id='127' Type='Digital' Value='False' />
</Commands>
</Control>
<Control Type='Button' Name='Button'>
<Position Units='Pixels' X='197' Y='75' />
<Size Units='Pixels' Width='79' Height='49' />
<VisualStyles>
<VisualStyle State='0' Mode='0'>
<Face Type='2D'>
<Color  R='0.752941' G='0.752941' B='0.752941' A='0' />
</Face>
<Image Id='21' Alpha='1' />
<Text Id='63' FontId='13' Alignment='CenterCenter' Wrap='False'>
<Color  R='0.941176' G='0.941176' B='0.941176' A='1' />
</Text>
</VisualStyle>
<VisualStyle State='1' Mode='0'>
<Face Type='2D'>
<Color  R='0.752941' G='0.752941' B='0.752941' A='0' />
</Face>
<Image Id='22' Alpha='1' FillMode='0' />
<Text Id='63' FontId='13' Alignment='CenterCenter' Wrap='False'>
<Color  R='0' G='0' B='0' A='1' />
</Text>
</VisualStyle>
</VisualStyles>
<Bindings>
<Binding Id='44' Type='Digital' Property='State'/>
</Bindings>
<Commands>
<Command Action='TouchDown' Id='44' Type='Digital' Value='True' />
<Command Action='TouchUp' Id='44' Type='Digital' Value='False' />
</Commands>
</Control>
<Control Type='Button' Name='Button'>
<Position Units='Pixels' X='118' Y='75' />
<Size Units='Pixels' Width='79' Height='49' />
<VisualStyles>
<VisualStyle State='0' Mode='0'>
<Face Type='2D'>
<Color  R='0.752941' G='0.752941' B='0.752941' A='0' />
</Face>
<Image Id='21' Alpha='1' />
<Text Id='64' FontId='13' Alignment='CenterCenter' Wrap='False'>
<Color  R='0.941176' G='0.941176' B='0.941176' A='1' />
</Text>
</VisualStyle>
<VisualStyle State='1' Mode='0'>
<Face Type='2D'>
<Color  R='0.752941' G='0.752941' B='0.752941' A='0' />
</Face>
<Image Id='22' Alpha='1' FillMode='0' />
<Text Id='64' FontId='13' Alignment='CenterCenter' Wrap='False'>
<Color  R='0' G='0' B='0' A='1' />
</Text>
</VisualStyle>
</VisualStyles>
<Bindings>
<Binding Id='43' Type='Digital' Property='State'/>
</Bindings>
<Commands>
<Command Action='TouchDown' Id='43' Type='Digital' Value='True' />
<Command Action='TouchUp' Id='43' Type='Digital' Value='False' />
</Commands>
</Control>
<Control Type='Button' Name='Button'>
<Position Units='Pixels' X='39' Y='75' />
<Size Units='Pixels' Width='79' Height='49' />
<VisualStyles>
<VisualStyle State='0' Mode='0'>
<Face Type='2D'>
<Color  R='0.752941' G='0.752941' B='0.752941' A='0' />
</Face>
<Image Id='21' Alpha='1' />
<Text Id='65' FontId='13' Alignment='CenterCenter' Wrap='False'>
<Color  R='0.941176' G='0.941176' B='0.941176' A='1' />
</Text>
</VisualStyle>
<VisualStyle State='1' Mode='0'>
<Face Type='2D'>
<Color  R='0.752941' G='0.752941' B='0.752941' A='0' />
</Face>
<Image Id='22' Alpha='1' FillMode='0' />
<Text Id='65' FontId='13' Alignment='CenterCenter' Wrap='False'>
<Color  R='0' G='0' B='0' A='1' />
</Text>
</VisualStyle>
</VisualStyles>
<Bindings>
<Binding Id='45' Type='Digital' Property='State'/>
</Bindings>
<Commands>
<Command Action='TouchDown' Id='45' Type='Digital' Value='True' />
<Command Action='TouchUp' Id='45' Type='Digital' Value='False' />
</Commands>
</Control>
</Control>
</File>
