<?xml version='1.0' encoding='ISO-8859-1' ?>
<File Type='Page' Version='5.1.0'>
<Control Type='Subpage' Name='[Source control] iPod - ok'>
<Position Units='Pixels' X='0' Y='0' />
<Size Units='Pixels' Width='635' Height='645' />
<VisualStyles>
<VisualStyle>
<Background>
<Color  R='0.25098' G='0.501961' B='0.501961' A='0' />
</Background>
</VisualStyle>
</VisualStyles>
<Control Type='Button' Name='Text'>
<Position Units='Pixels' X='177' Y='50' />
<Size Units='Pixels' Width='273' Height='18' />
<VisualStyles>
<VisualStyle State='0' Mode='0'>
<Text Id='26' FontId='10' Alignment='CenterLeft' Wrap='False'>
<Color  R='1' G='1' B='1' A='1' />
</Text>
</VisualStyle>
</VisualStyles>
</Control>
<Control Type='Button' Name='Button'>
<Position Units='Pixels' X='419' Y='499' />
<Size Units='Pixels' Width='52' Height='48' />
<VisualStyles>
<VisualStyle State='0' Mode='0'>
<Face Type='2D'>
<Color  R='0.752941' G='0.752941' B='0.752941' A='0' />
</Face>
<Image Id='21' Alpha='1' />
<Text Id='27' FontId='7' Alignment='CenterCenter' Wrap='False'>
<Color  R='0.941176' G='0.941176' B='0.941176' A='1' />
</Text>
</VisualStyle>
<VisualStyle State='1' Mode='0'>
<Face Type='2D'>
<Color  R='0.752941' G='0.752941' B='0.752941' A='0' />
</Face>
<Image Id='22' Alpha='1' />
<Text Id='27' FontId='7' Alignment='CenterCenter' Wrap='False'>
<Color  R='0' G='0' B='0' A='1' />
</Text>
</VisualStyle>
</VisualStyles>
<Bindings>
<Binding Id='215' Type='Digital' Property='State'/>
</Bindings>
<Commands>
<Command Action='TouchDown' Id='215' Type='Digital' Value='True' />
<Command Action='TouchUp' Id='215' Type='Digital' Value='False' />
</Commands>
</Control>
<Control Type='Button' Name='Button'>
<Position Units='Pixels' X='161' Y='499' />
<Size Units='Pixels' Width='52' Height='48' />
<VisualStyles>
<VisualStyle State='0' Mode='0'>
<Face Type='2D'>
<Color  R='0.752941' G='0.752941' B='0.752941' A='0' />
</Face>
<Image Id='21' Alpha='1' />
<Text Id='28' FontId='7' Alignment='CenterCenter' Wrap='False'>
<Color  R='0.941176' G='0.941176' B='0.941176' A='1' />
</Text>
</VisualStyle>
<VisualStyle State='1' Mode='0'>
<Face Type='2D'>
<Color  R='0.752941' G='0.752941' B='0.752941' A='0' />
</Face>
<Image Id='22' Alpha='1' />
<Text Id='28' FontId='7' Alignment='CenterCenter' Wrap='False'>
<Color  R='0' G='0' B='0' A='1' />
</Text>
</VisualStyle>
</VisualStyles>
<Bindings>
<Binding Id='216' Type='Digital' Property='State'/>
</Bindings>
<Commands>
<Command Action='TouchDown' Id='216' Type='Digital' Value='True' />
<Command Action='TouchUp' Id='216' Type='Digital' Value='False' />
</Commands>
</Control>
<Control Type='Button' Name='Button'>
<Position Units='Pixels' X='75' Y='499' />
<Size Units='Pixels' Width='52' Height='48' />
<VisualStyles>
<VisualStyle State='0' Mode='0'>
<Face Type='2D'>
<Color  R='0.752941' G='0.752941' B='0.752941' A='0' />
</Face>
<Image Id='21' Alpha='1' />
<Text Id='29' FontId='7' Alignment='CenterCenter' Wrap='False'>
<Color  R='0.941176' G='0.941176' B='0.941176' A='1' />
</Text>
</VisualStyle>
<VisualStyle State='1' Mode='0'>
<Face Type='2D'>
<Color  R='0.752941' G='0.752941' B='0.752941' A='0' />
</Face>
<Image Id='22' Alpha='1' />
<Text Id='29' FontId='7' Alignment='CenterCenter' Wrap='False'>
<Color  R='0' G='0' B='0' A='1' />
</Text>
</VisualStyle>
</VisualStyles>
<Bindings>
<Binding Id='213' Type='Digital' Property='State'/>
</Bindings>
<Commands>
<Command Action='TouchDown' Id='213' Type='Digital' Value='True' />
<Command Action='TouchUp' Id='213' Type='Digital' Value='False' />
</Commands>
</Control>
<Control Type='Button' Name='Button'>
<Position Units='Pixels' X='505' Y='499' />
<Size Units='Pixels' Width='52' Height='48' />
<VisualStyles>
<VisualStyle State='0' Mode='0'>
<Face Type='2D'>
<Color  R='0.752941' G='0.752941' B='0.752941' A='0' />
</Face>
<Image Id='21' Alpha='1' />
<Text Id='30' FontId='7' Alignment='CenterCenter' Wrap='False'>
<Color  R='0.941176' G='0.941176' B='0.941176' A='1' />
</Text>
</VisualStyle>
<VisualStyle State='1' Mode='0'>
<Face Type='2D'>
<Color  R='0.752941' G='0.752941' B='0.752941' A='0' />
</Face>
<Image Id='22' Alpha='1' />
<Text Id='30' FontId='7' Alignment='CenterCenter' Wrap='False'>
<Color  R='0' G='0' B='0' A='1' />
</Text>
</VisualStyle>
</VisualStyles>
<Bindings>
<Binding Id='214' Type='Digital' Property='State'/>
</Bindings>
<Commands>
<Command Action='TouchDown' Id='214' Type='Digital' Value='True' />
<Command Action='TouchUp' Id='214' Type='Digital' Value='False' />
</Commands>
</Control>
<Control Type='Button' Name='Button'>
<Position Units='Pixels' X='333' Y='499' />
<Size Units='Pixels' Width='52' Height='48' />
<VisualStyles>
<VisualStyle State='0' Mode='0'>
<Face Type='2D'>
<Color  R='0.752941' G='0.752941' B='0.752941' A='0' />
</Face>
<Image Id='21' Alpha='1' />
<Text Id='31' FontId='11' Alignment='CenterCenter' Wrap='False'>
<Color  R='0.941176' G='0.941176' B='0.941176' A='1' />
</Text>
</VisualStyle>
<VisualStyle State='1' Mode='0'>
<Face Type='2D'>
<Color  R='0.752941' G='0.752941' B='0.752941' A='0' />
</Face>
<Image Id='22' Alpha='1' />
<Text Id='31' FontId='11' Alignment='CenterCenter' Wrap='False'>
<Color  R='0' G='0' B='0' A='1' />
</Text>
</VisualStyle>
</VisualStyles>
<Bindings>
<Binding Id='211' Type='Digital' Property='State'/>
</Bindings>
<Commands>
<Command Action='TouchDown' Id='211' Type='Digital' Value='True' />
<Command Action='TouchUp' Id='211' Type='Digital' Value='False' />
</Commands>
</Control>
<Control Type='Button' Name='Button'>
<Position Units='Pixels' X='247' Y='499' />
<Size Units='Pixels' Width='52' Height='48' />
<VisualStyles>
<VisualStyle State='0' Mode='0'>
<Face Type='2D'>
<Color  R='0.752941' G='0.752941' B='0.752941' A='0' />
</Face>
<Image Id='21' Alpha='1' />
<Text Id='23' FontId='7' Alignment='CenterCenter' Wrap='False'>
<Color  R='0.941176' G='0.941176' B='0.941176' A='1' />
</Text>
</VisualStyle>
<VisualStyle State='1' Mode='0'>
<Face Type='2D'>
<Color  R='0.752941' G='0.752941' B='0.752941' A='0' />
</Face>
<Image Id='22' Alpha='1' />
<Text Id='23' FontId='7' Alignment='CenterCenter' Wrap='False'>
<Color  R='0' G='0' B='0' A='1' />
</Text>
</VisualStyle>
</VisualStyles>
<Bindings>
<Binding Id='210' Type='Digital' Property='State'/>
</Bindings>
<Commands>
<Command Action='TouchDown' Id='210' Type='Digital' Value='True' />
<Command Action='TouchUp' Id='210' Type='Digital' Value='False' />
</Commands>
</Control>
<Control Type='Button' Name='Button'>
<Position Units='Pixels' X='524' Y='269' />
<Size Units='Pixels' Width='91' Height='33' />
<VisualStyles>
<VisualStyle State='0' Mode='0'>
<Face Type='2D'>
<Color  R='0.752941' G='0.752941' B='0.752941' A='0' />
</Face>
<Image Id='21' Alpha='1' />
<Text Id='32' FontId='3' Alignment='CenterCenter' Wrap='False'>
<Color  R='0.941176' G='0.941176' B='0.941176' A='1' />
</Text>
</VisualStyle>
<VisualStyle State='1' Mode='0'>
<Face Type='2D'>
<Color  R='0.752941' G='0.752941' B='0.752941' A='0' />
</Face>
<Image Id='22' Alpha='1' />
<Text Id='32' FontId='3' Alignment='CenterCenter' Wrap='False'>
<Color  R='0' G='0' B='0' A='1' />
</Text>
</VisualStyle>
</VisualStyles>
<Bindings>
<Binding Id='221' Type='Digital' Property='State'/>
</Bindings>
<Commands>
<Command Action='TouchDown' Id='221' Type='Digital' Value='True' />
<Command Action='TouchUp' Id='221' Type='Digital' Value='False' />
</Commands>
</Control>
<Control Type='Button' Name='Button'>
<Position Units='Pixels' X='524' Y='227' />
<Size Units='Pixels' Width='91' Height='33' />
<VisualStyles>
<VisualStyle State='0' Mode='0'>
<Face Type='2D'>
<Color  R='0.752941' G='0.752941' B='0.752941' A='0' />
</Face>
<Image Id='21' Alpha='1' />
<Text Id='33' FontId='3' Alignment='CenterCenter' Wrap='False'>
<Color  R='0.941176' G='0.941176' B='0.941176' A='1' />
</Text>
</VisualStyle>
<VisualStyle State='1' Mode='0'>
<Face Type='2D'>
<Color  R='0.752941' G='0.752941' B='0.752941' A='0' />
</Face>
<Image Id='22' Alpha='1' />
<Text Id='33' FontId='3' Alignment='CenterCenter' Wrap='False'>
<Color  R='0' G='0' B='0' A='1' />
</Text>
</VisualStyle>
</VisualStyles>
<Bindings>
<Binding Id='225' Type='Digital' Property='State'/>
</Bindings>
<Commands>
<Command Action='TouchDown' Id='225' Type='Digital' Value='True' />
<Command Action='TouchUp' Id='225' Type='Digital' Value='False' />
</Commands>
</Control>
<Control Type='Button' Name='Button'>
<Position Units='Pixels' X='524' Y='185' />
<Size Units='Pixels' Width='91' Height='33' />
<VisualStyles>
<VisualStyle State='0' Mode='0'>
<Face Type='2D'>
<Color  R='0.752941' G='0.752941' B='0.752941' A='0' />
</Face>
<Image Id='21' Alpha='1' />
<Text Id='8' FontId='3' Alignment='CenterCenter' Wrap='False'>
<Color  R='0.941176' G='0.941176' B='0.941176' A='1' />
</Text>
</VisualStyle>
<VisualStyle State='1' Mode='0'>
<Face Type='2D'>
<Color  R='0.752941' G='0.752941' B='0.752941' A='0' />
</Face>
<Image Id='22' Alpha='1' />
<Text Id='8' FontId='3' Alignment='CenterCenter' Wrap='False'>
<Color  R='0' G='0' B='0' A='1' />
</Text>
</VisualStyle>
</VisualStyles>
<Bindings>
<Binding Id='224' Type='Digital' Property='State'/>
</Bindings>
<Commands>
<Command Action='TouchDown' Id='224' Type='Digital' Value='True' />
<Command Action='TouchUp' Id='224' Type='Digital' Value='False' />
</Commands>
</Control>
<Control Type='Button' Name='Button'>
<Position Units='Pixels' X='545' Y='332' />
<Size Units='Pixels' Width='52' Height='48' />
<VisualStyles>
<VisualStyle State='0' Mode='0'>
<Face Type='2D'>
<Color  R='0.752941' G='0.752941' B='0.752941' A='0' />
</Face>
<Image Id='21' Alpha='1' />
<Text Id='34' FontId='7' Alignment='CenterCenter' Wrap='False'>
<Color  R='0.941176' G='0.941176' B='0.941176' A='1' />
</Text>
</VisualStyle>
<VisualStyle State='1' Mode='0'>
<Face Type='2D'>
<Color  R='0.752941' G='0.752941' B='0.752941' A='0' />
</Face>
<Image Id='22' Alpha='1' />
<Text Id='34' FontId='7' Alignment='CenterCenter' Wrap='False'>
<Color  R='0' G='0' B='0' A='1' />
</Text>
</VisualStyle>
</VisualStyles>
<Bindings>
<Binding Id='222' Type='Digital' Property='State'/>
</Bindings>
<Commands>
<Command Action='TouchDown' Id='222' Type='Digital' Value='True' />
<Command Action='TouchUp' Id='222' Type='Digital' Value='False' />
</Commands>
</Control>
<Control Type='Button' Name='Button'>
<Position Units='Pixels' X='545' Y='406' />
<Size Units='Pixels' Width='52' Height='48' />
<VisualStyles>
<VisualStyle State='0' Mode='0'>
<Face Type='2D'>
<Color  R='0.752941' G='0.752941' B='0.752941' A='0' />
</Face>
<Image Id='21' Alpha='1' />
<Text Id='35' FontId='7' Alignment='CenterCenter' Wrap='False'>
<Color  R='0.941176' G='0.941176' B='0.941176' A='1' />
</Text>
</VisualStyle>
<VisualStyle State='1' Mode='0'>
<Face Type='2D'>
<Color  R='0.752941' G='0.752941' B='0.752941' A='0' />
</Face>
<Image Id='22' Alpha='1' />
<Text Id='35' FontId='7' Alignment='CenterCenter' Wrap='False'>
<Color  R='0' G='0' B='0' A='1' />
</Text>
</VisualStyle>
</VisualStyles>
<Bindings>
<Binding Id='223' Type='Digital' Property='State'/>
</Bindings>
<Commands>
<Command Action='TouchDown' Id='223' Type='Digital' Value='True' />
<Command Action='TouchUp' Id='223' Type='Digital' Value='False' />
</Commands>
</Control>
<Control Type='Button' Name='Button'>
<Position Units='Pixels' X='15' Y='249' />
<Size Units='Pixels' Width='454' Height='24' />
<VisualStyles>
<VisualStyle State='0' Mode='0'>
<Face Type='2D'>
<Color  R='0.752941' G='0.752941' B='0.752941' A='0' />
</Face>
<Image Id='21' Alpha='1' />
<Text FontId='3' Alignment='CenterLeft' Wrap='False'>
<Bindings>
<Binding Id='8' Type='Serial' Property='Text'/>
</Bindings>
<Color  R='0.941176' G='0.941176' B='0.941176' A='1' />
</Text>
</VisualStyle>
<VisualStyle State='1' Mode='0'>
<Face Type='2D'>
<Color  R='0.752941' G='0.752941' B='0.752941' A='0' />
</Face>
<Image Id='22' Alpha='1' />
<Text FontId='3' Alignment='CenterLeft' Wrap='False'>
<Bindings>
<Binding Id='8' Type='Serial' Property='Text'/>
</Bindings>
<Color  R='0' G='0' B='0' A='1' />
</Text>
</VisualStyle>
</VisualStyles>
<Bindings>
<Binding Id='226' Type='Digital' Property='State'/>
</Bindings>
<Commands>
<Command Action='TouchDown' Id='226' Type='Digital' Value='True' />
<Command Action='TouchUp' Id='226' Type='Digital' Value='False' />
</Commands>
</Control>
<Control Type='Button' Name='Button'>
<Position Units='Pixels' X='15' Y='282' />
<Size Units='Pixels' Width='454' Height='24' />
<VisualStyles>
<VisualStyle State='0' Mode='0'>
<Face Type='2D'>
<Color  R='0.752941' G='0.752941' B='0.752941' A='0' />
</Face>
<Image Id='21' Alpha='1' />
<Text FontId='3' Alignment='CenterLeft' Wrap='False'>
<Bindings>
<Binding Id='9' Type='Serial' Property='Text'/>
</Bindings>
<Color  R='0.941176' G='0.941176' B='0.941176' A='1' />
</Text>
</VisualStyle>
<VisualStyle State='1' Mode='0'>
<Face Type='2D'>
<Color  R='0.752941' G='0.752941' B='0.752941' A='0' />
</Face>
<Image Id='22' Alpha='1' />
<Text FontId='3' Alignment='CenterLeft' Wrap='False'>
<Bindings>
<Binding Id='9' Type='Serial' Property='Text'/>
</Bindings>
<Color  R='0' G='0' B='0' A='1' />
</Text>
</VisualStyle>
</VisualStyles>
<Bindings>
<Binding Id='227' Type='Digital' Property='State'/>
</Bindings>
<Commands>
<Command Action='TouchDown' Id='227' Type='Digital' Value='True' />
<Command Action='TouchUp' Id='227' Type='Digital' Value='False' />
</Commands>
</Control>
<Control Type='Button' Name='Button'>
<Position Units='Pixels' X='15' Y='315' />
<Size Units='Pixels' Width='454' Height='24' />
<VisualStyles>
<VisualStyle State='0' Mode='0'>
<Face Type='2D'>
<Color  R='0.752941' G='0.752941' B='0.752941' A='0' />
</Face>
<Image Id='21' Alpha='1' />
<Text FontId='3' Alignment='CenterLeft' Wrap='False'>
<Bindings>
<Binding Id='10' Type='Serial' Property='Text'/>
</Bindings>
<Color  R='0.941176' G='0.941176' B='0.941176' A='1' />
</Text>
</VisualStyle>
<VisualStyle State='1' Mode='0'>
<Face Type='2D'>
<Color  R='0.752941' G='0.752941' B='0.752941' A='0' />
</Face>
<Image Id='22' Alpha='1' />
<Text FontId='3' Alignment='CenterLeft' Wrap='False'>
<Bindings>
<Binding Id='10' Type='Serial' Property='Text'/>
</Bindings>
<Color  R='0' G='0' B='0' A='1' />
</Text>
</VisualStyle>
</VisualStyles>
<Bindings>
<Binding Id='228' Type='Digital' Property='State'/>
</Bindings>
<Commands>
<Command Action='TouchDown' Id='228' Type='Digital' Value='True' />
<Command Action='TouchUp' Id='228' Type='Digital' Value='False' />
</Commands>
</Control>
<Control Type='Button' Name='Button'>
<Position Units='Pixels' X='15' Y='348' />
<Size Units='Pixels' Width='454' Height='24' />
<VisualStyles>
<VisualStyle State='0' Mode='0'>
<Face Type='2D'>
<Color  R='0.752941' G='0.752941' B='0.752941' A='0' />
</Face>
<Image Id='21' Alpha='1' />
<Text FontId='3' Alignment='CenterLeft' Wrap='False'>
<Bindings>
<Binding Id='11' Type='Serial' Property='Text'/>
</Bindings>
<Color  R='0.941176' G='0.941176' B='0.941176' A='1' />
</Text>
</VisualStyle>
<VisualStyle State='1' Mode='0'>
<Face Type='2D'>
<Color  R='0.752941' G='0.752941' B='0.752941' A='0' />
</Face>
<Image Id='22' Alpha='1' />
<Text FontId='3' Alignment='CenterLeft' Wrap='False'>
<Bindings>
<Binding Id='11' Type='Serial' Property='Text'/>
</Bindings>
<Color  R='0' G='0' B='0' A='1' />
</Text>
</VisualStyle>
</VisualStyles>
<Bindings>
<Binding Id='229' Type='Digital' Property='State'/>
</Bindings>
<Commands>
<Command Action='TouchDown' Id='229' Type='Digital' Value='True' />
<Command Action='TouchUp' Id='229' Type='Digital' Value='False' />
</Commands>
</Control>
<Control Type='Button' Name='Button'>
<Position Units='Pixels' X='15' Y='381' />
<Size Units='Pixels' Width='454' Height='24' />
<VisualStyles>
<VisualStyle State='0' Mode='0'>
<Face Type='2D'>
<Color  R='0.752941' G='0.752941' B='0.752941' A='0' />
</Face>
<Image Id='21' Alpha='1' />
<Text FontId='3' Alignment='CenterLeft' Wrap='False'>
<Bindings>
<Binding Id='12' Type='Serial' Property='Text'/>
</Bindings>
<Color  R='0.941176' G='0.941176' B='0.941176' A='1' />
</Text>
</VisualStyle>
<VisualStyle State='1' Mode='0'>
<Face Type='2D'>
<Color  R='0.752941' G='0.752941' B='0.752941' A='0' />
</Face>
<Image Id='22' Alpha='1' />
<Text FontId='3' Alignment='CenterLeft' Wrap='False'>
<Bindings>
<Binding Id='12' Type='Serial' Property='Text'/>
</Bindings>
<Color  R='0' G='0' B='0' A='1' />
</Text>
</VisualStyle>
</VisualStyles>
<Bindings>
<Binding Id='230' Type='Digital' Property='State'/>
</Bindings>
<Commands>
<Command Action='TouchDown' Id='230' Type='Digital' Value='True' />
<Command Action='TouchUp' Id='230' Type='Digital' Value='False' />
</Commands>
</Control>
<Control Type='Button' Name='Button'>
<Position Units='Pixels' X='15' Y='414' />
<Size Units='Pixels' Width='454' Height='24' />
<VisualStyles>
<VisualStyle State='0' Mode='0'>
<Face Type='2D'>
<Color  R='0.752941' G='0.752941' B='0.752941' A='0' />
</Face>
<Image Id='21' Alpha='1' />
<Text FontId='3' Alignment='CenterLeft' Wrap='False'>
<Bindings>
<Binding Id='13' Type='Serial' Property='Text'/>
</Bindings>
<Color  R='0.941176' G='0.941176' B='0.941176' A='1' />
</Text>
</VisualStyle>
<VisualStyle State='1' Mode='0'>
<Face Type='2D'>
<Color  R='0.752941' G='0.752941' B='0.752941' A='0' />
</Face>
<Image Id='22' Alpha='1' />
<Text FontId='3' Alignment='CenterLeft' Wrap='False'>
<Bindings>
<Binding Id='13' Type='Serial' Property='Text'/>
</Bindings>
<Color  R='0' G='0' B='0' A='1' />
</Text>
</VisualStyle>
</VisualStyles>
<Bindings>
<Binding Id='231' Type='Digital' Property='State'/>
</Bindings>
<Commands>
<Command Action='TouchDown' Id='231' Type='Digital' Value='True' />
<Command Action='TouchUp' Id='231' Type='Digital' Value='False' />
</Commands>
</Control>
<Control Type='Button' Name='Button'>
<Position Units='Pixels' X='15' Y='447' />
<Size Units='Pixels' Width='454' Height='24' />
<VisualStyles>
<VisualStyle State='0' Mode='0'>
<Face Type='2D'>
<Color  R='0.752941' G='0.752941' B='0.752941' A='0' />
</Face>
<Image Id='21' Alpha='1' />
<Text FontId='3' Alignment='CenterLeft' Wrap='False'>
<Bindings>
<Binding Id='14' Type='Serial' Property='Text'/>
</Bindings>
<Color  R='0.941176' G='0.941176' B='0.941176' A='1' />
</Text>
</VisualStyle>
<VisualStyle State='1' Mode='0'>
<Face Type='2D'>
<Color  R='0.752941' G='0.752941' B='0.752941' A='0' />
</Face>
<Image Id='22' Alpha='1' />
<Text FontId='3' Alignment='CenterLeft' Wrap='False'>
<Bindings>
<Binding Id='14' Type='Serial' Property='Text'/>
</Bindings>
<Color  R='0' G='0' B='0' A='1' />
</Text>
</VisualStyle>
</VisualStyles>
<Bindings>
<Binding Id='232' Type='Digital' Property='State'/>
</Bindings>
<Commands>
<Command Action='TouchDown' Id='232' Type='Digital' Value='True' />
<Command Action='TouchUp' Id='232' Type='Digital' Value='False' />
</Commands>
</Control>
<Control Type='Button' Name='Text'>
<Position Units='Pixels' X='177' Y='108' />
<Size Units='Pixels' Width='273' Height='18' />
<VisualStyles>
<VisualStyle State='0' Mode='0'>
<Text Id='36' FontId='10' Alignment='CenterLeft' Wrap='False'>
<Color  R='1' G='1' B='1' A='1' />
</Text>
</VisualStyle>
</VisualStyles>
</Control>
<Control Type='Button' Name='Text'>
<Position Units='Pixels' X='177' Y='137' />
<Size Units='Pixels' Width='273' Height='18' />
<VisualStyles>
<VisualStyle State='0' Mode='0'>
<Text FontId='10' Alignment='CenterLeft' Wrap='False'>
<Bindings>
<Binding Id='5' Type='Serial' Property='Text'/>
</Bindings>
<Color  R='0.772549' G='0.717647' B='0.505882' A='1' />
</Text>
</VisualStyle>
</VisualStyles>
</Control>
<Control Type='Button' Name='Text'>
<Position Units='Pixels' X='177' Y='166' />
<Size Units='Pixels' Width='273' Height='18' />
<VisualStyles>
<VisualStyle State='0' Mode='0'>
<Text Id='37' FontId='10' Alignment='CenterLeft' Wrap='False'>
<Color  R='1' G='1' B='1' A='1' />
</Text>
</VisualStyle>
</VisualStyles>
</Control>
<Control Type='Button' Name='Text'>
<Position Units='Pixels' X='177' Y='195' />
<Size Units='Pixels' Width='273' Height='18' />
<VisualStyles>
<VisualStyle State='0' Mode='0'>
<Text FontId='10' Alignment='CenterLeft' Wrap='False'>
<Bindings>
<Binding Id='3' Type='Serial' Property='Text'/>
</Bindings>
<Color  R='0.772549' G='0.717647' B='0.505882' A='1' />
</Text>
</VisualStyle>
</VisualStyles>
</Control>
<Control Type='Button' Name='Text'>
<Position Units='Pixels' X='177' Y='79' />
<Size Units='Pixels' Width='273' Height='18' />
<VisualStyles>
<VisualStyle State='0' Mode='0'>
<Text FontId='10' Alignment='CenterLeft' Wrap='False'>
<Bindings>
<Binding Id='4' Type='Serial' Property='Text'/>
</Bindings>
<Color  R='0.772549' G='0.717647' B='0.505882' A='1' />
</Text>
</VisualStyle>
</VisualStyles>
</Control>
<Control Type='Button' Name='Button'>
<Position Units='Pixels' X='524' Y='127' />
<Size Units='Pixels' Width='91' Height='33' />
<VisualStyles>
<VisualStyle State='0' Mode='0'>
<Face Type='2D'>
<Color  R='0.752941' G='0.752941' B='0.752941' A='0' />
</Face>
<Image Id='21' Alpha='1' />
<Text FontId='3' Alignment='CenterCenter' Wrap='False'>
<Bindings>
<Binding Id='2' Type='Serial' Property='Text'/>
</Bindings>
<Color  R='0.941176' G='0.941176' B='0.941176' A='1' />
</Text>
</VisualStyle>
<VisualStyle State='1' Mode='0'>
<Face Type='2D'>
<Color  R='0.752941' G='0.752941' B='0.752941' A='0' />
</Face>
<Image Id='22' Alpha='1' />
<Text FontId='3' Alignment='CenterCenter' Wrap='False'>
<Bindings>
<Binding Id='2' Type='Serial' Property='Text'/>
</Bindings>
<Color  R='0' G='0' B='0' A='1' />
</Text>
</VisualStyle>
</VisualStyles>
<Bindings>
<Binding Id='219' Type='Digital' Property='State'/>
</Bindings>
<Commands>
<Command Action='TouchDown' Id='219' Type='Digital' Value='True' />
<Command Action='TouchUp' Id='219' Type='Digital' Value='False' />
</Commands>
</Control>
<Control Type='Button' Name='Button'>
<Position Units='Pixels' X='524' Y='67' />
<Size Units='Pixels' Width='91' Height='33' />
<VisualStyles>
<VisualStyle State='0' Mode='0'>
<Face Type='2D'>
<Color  R='0.752941' G='0.752941' B='0.752941' A='0' />
</Face>
<Image Id='21' Alpha='1' />
<Text FontId='3' Alignment='CenterCenter' Wrap='False'>
<Bindings>
<Binding Id='1' Type='Serial' Property='Text'/>
</Bindings>
<Color  R='0.941176' G='0.941176' B='0.941176' A='1' />
</Text>
</VisualStyle>
<VisualStyle State='1' Mode='0'>
<Face Type='2D'>
<Color  R='0.752941' G='0.752941' B='0.752941' A='0' />
</Face>
<Image Id='22' Alpha='1' />
<Text FontId='3' Alignment='CenterCenter' Wrap='False'>
<Bindings>
<Binding Id='1' Type='Serial' Property='Text'/>
</Bindings>
<Color  R='0' G='0' B='0' A='1' />
</Text>
</VisualStyle>
</VisualStyles>
<Bindings>
<Binding Id='218' Type='Digital' Property='State'/>
</Bindings>
<Commands>
<Command Action='TouchDown' Id='218' Type='Digital' Value='True' />
<Command Action='TouchUp' Id='218' Type='Digital' Value='False' />
</Commands>
</Control>
<Control Type='Button' Name='Text'>
<Position Units='Pixels' X='15' Y='221' />
<Size Units='Pixels' Width='273' Height='18' />
<VisualStyles>
<VisualStyle State='0' Mode='0'>
<Text FontId='10' Alignment='CenterLeft' Wrap='False'>
<Bindings>
<Binding Id='7' Type='Serial' Property='Text'/>
</Bindings>
<Color  R='0.772549' G='0.717647' B='0.505882' A='1' />
</Text>
</VisualStyle>
</VisualStyles>
</Control>
<Control Type='Button' Name='Image'>
<Position Units='Pixels' X='19' Y='54' />
<Size Units='Pixels' Width='143' Height='143' />
<VisualStyles>
<VisualStyle State='0' Mode='0'>
<Image Id='149' Alpha='1' RefreshRate='0'>
<Bindings>
<Binding Id='6' Type='Serial' Property='Path'/>
</Bindings>
</Image>
</VisualStyle>
</VisualStyles>
</Control>
<Control Type='Button' Name='Text'>
<Position Units='Pixels' X='528' Y='42' />
<Size Units='Pixels' Width='84' Height='18' />
<VisualStyles>
<VisualStyle State='0' Mode='0'>
<Text Id='38' FontId='6' Alignment='CenterCenter' Wrap='False'>
<Color  R='1' G='1' B='1' A='1' />
</Text>
</VisualStyle>
</VisualStyles>
</Control>
<Control Type='Button' Name='Text'>
<Position Units='Pixels' X='528' Y='102' />
<Size Units='Pixels' Width='84' Height='21' />
<VisualStyles>
<VisualStyle State='0' Mode='0'>
<Text Id='39' FontId='6' Alignment='CenterCenter' Wrap='False'>
<Color  R='1' G='1' B='1' A='1' />
</Text>
</VisualStyle>
</VisualStyles>
</Control>
<Control Type='Button' Name='GaugeBackdrop'>
<Position Units='Pixels' X='146' Y='482' />
<Size Units='Pixels' Width='340' Height='6' />
<VisualStyles>
<VisualStyle State='0' Mode='0'>
<Face Type='2D'>
<Color  R='1' G='1' B='1' A='0' />
</Face>
<Text FontId='4' Alignment='CenterCenter' Wrap='False'>
<Color  R='0' G='0' B='0' A='1' />
</Text>
</VisualStyle>
</VisualStyles>
</Control>
<Control Type='Slider' Name='Analog Gauge'>
<Position Units='Pixels' X='146' Y='482' />
<Size Units='Pixels' Width='340' Height='6' />
<VisualStyles>
<VisualStyle State='0' Mode='0'>
<Format Type='2' Signed='False'>
<Slider Direction='0' />
</Format>
<Face Type='2D'>
<Color  R='1' G='1' B='1' A='1' />
</Face>
<Text FontId='4' Alignment='CenterCenter' Wrap='False'>
<Color  R='0' G='0' B='0' A='1' />
</Text>
</VisualStyle>
</VisualStyles>
<Bindings>
<Binding Id='2' Type='Analog' Property='Mode'/>
</Bindings>
</Control>
<Control Type='Gauge' Name='DigitalGauge'>
<Position Units='Pixels' X='73' Y='478' />
<Size Units='Pixels' Width='53' Height='14' />
<VisualStyles>
<VisualStyle State='0' Mode='0'>
<Format Type='3' Signed='False'>
<Digital DecimalPosition='0' Digits='3' />
</Format>
<Face Type='2D'>
<Color  R='1' G='1' B='1' A='0' />
</Face>
<Text FontId='1' Alignment='CenterCenter' Wrap='False'>
<Color  R='1' G='1' B='1' A='1' />
</Text>
</VisualStyle>
</VisualStyles>
<Bindings>
<Binding Id='3' Type='Analog' Property='Mode'/>
</Bindings>
</Control>
<Control Type='Gauge' Name='DigitalGauge'>
<Position Units='Pixels' X='504' Y='476' />
<Size Units='Pixels' Width='53' Height='14' />
<VisualStyles>
<VisualStyle State='0' Mode='0'>
<Format Type='3' Signed='False'>
<Digital DecimalPosition='0' Digits='3' />
</Format>
<Face Type='2D'>
<Color  R='1' G='1' B='1' A='0' />
</Face>
<Text FontId='1' Alignment='CenterCenter' Wrap='False'>
<Color  R='1' G='1' B='1' A='1' />
</Text>
</VisualStyle>
</VisualStyles>
<Bindings>
<Binding Id='1' Type='Analog' Property='Mode'/>
</Bindings>
</Control>
</Control>
</File>
