<?xml version='1.0' encoding='ISO-8859-1' ?>
<File Type='Resource' Version='5.1.0'>
<Resources>
<Font Id='1' Size ='13' FaceName='Arial' Weight='400' Bold='False' Italic='False' Underline='False' Strike='False' />
<Font Id='2' Size ='21' FaceName='Arial' Weight='400' Bold='False' Italic='False' Underline='False' Strike='False' />
<Font Id='3' Size ='16' FaceName='Arial' Weight='400' Bold='False' Italic='False' Underline='False' Strike='False' />
<Font Id='4' Size ='16' FaceName='Arial' Weight='400' Bold='False' Italic='False' Underline='False' Strike='False' />
<Font Id='5' Size ='19' FaceName='Arial' Weight='400' Bold='False' Italic='False' Underline='False' Strike='False' />
<Font Id='6' Size ='17' FaceName='Arial' Weight='400' Bold='False' Italic='False' Underline='False' Strike='False' />
<Font Id='7' Size ='24' FaceName='CrestronTransport' Weight='400' Bold='False' Italic='False' Underline='False' Strike='False' />
<Font Id='8' Size ='24' FaceName='Guifxv2Transports' Weight='400' Bold='False' Italic='False' Underline='False' Strike='False' />
<Font Id='9' Size ='11' FaceName='Arial' Weight='700' Bold='True' Italic='False' Underline='False' Strike='False' />
<Font Id='10' Size ='20' FaceName='Arial' Weight='400' Bold='False' Italic='False' Underline='False' Strike='False' />
<Font Id='11' Size ='21' FaceName='CrestronTransport' Weight='400' Bold='False' Italic='False' Underline='False' Strike='False' />
<Font Id='12' Size ='23' FaceName='Arial' Weight='400' Bold='False' Italic='False' Underline='False' Strike='False' />
<Font Id='13' Size ='15' FaceName='Arial' Weight='400' Bold='False' Italic='False' Underline='False' Strike='False' />
<Font Id='14' Size ='27' FaceName='CrestronTransport' Weight='400' Bold='False' Italic='False' Underline='False' Strike='False' />
<Font Id='15' Size ='32' FaceName='CrestronTransport' Weight='400' Bold='False' Italic='False' Underline='False' Strike='False' />
<Font Id='16' Size ='13' FaceName='Arial' Weight='400' Bold='False' Italic='False' Underline='False' Strike='False' />
<Font Id='17' Size ='48' FaceName='CrestronTransport' Weight='400' Bold='False' Italic='False' Underline='False' Strike='False' />
<Font Id='18' Size ='12' FaceName='Arial' Weight='400' Bold='False' Italic='False' Underline='False' Strike='False' />
<Font Id='19' Size ='19' FaceName='Arial' Weight='700' Bold='True' Italic='False' Underline='False' Strike='False' />
<Font Id='20' Size ='29' FaceName='CrestronTransport' Weight='400' Bold='False' Italic='False' Underline='False' Strike='False' />
<Text Id='1'>�</Text>
<Text Id='2'>YOU CURRENTLY CONTROLING THE</Text>
<Text Id='3'>AND YOUR CHOOSEN SOURCE IS</Text>
<Text Id='4'>Actual Temperature</Text>
<Text Id='5'>Down</Text>
<Text Id='6'>Up</Text>
<Text Id='7'>Set Point Temperature</Text>
<Text Id='8'>Home</Text>
<Text Id='9'>Away</Text>
<Text Id='10'>Scheduled</Text>
<Text Id='11'>Manual Mode</Text>
<Text Id='12'>For a full instruction please consult your user guide by pressing here</Text>
<Text Id='13'>Overview</Text>
<Text Id='14'>Main</Text>
<Text Id='15'>Heating
Schedule</Text>
<Text Id='16'>Mode</Text>
<Text Id='17'>Tuner Frequency:</Text>
<Text Id='18'>Entrance</Text>
<Text Id='19'>Reception</Text>
<Text Id='20'>Garden</Text>
<Text Id='21'>Text</Text>
<Text Id='22'>i</Text>
<Text Id='23'>h</Text>
<Text Id='24'>#</Text>
<Text Id='25'>VOLUME</Text>
<Text Id='26'>Artist</Text>
<Text Id='27'>e</Text>
<Text Id='28'>f</Text>
<Text Id='29'>d</Text>
<Text Id='30'>c</Text>
<Text Id='31'>b</Text>
<Text Id='32'>Menu</Text>
<Text Id='33'>End</Text>
<Text Id='34'>k</Text>
<Text Id='35'>j</Text>
<Text Id='36'>Album</Text>
<Text Id='37'>Track</Text>
<Text Id='38'>Shuffle</Text>
<Text Id='39'>Repeat</Text>
<Text Id='40'>Movie</Text>
<Text Id='41'>Party</Text>
<Text Id='42'>Bright</Text>
<Text Id='43'>Intermission</Text>
<Text Id='44'>=</Text>
<Text Id='45'>;</Text>
<Text Id='46'>&apos;</Text>
<Text Id='47'>CAPS</Text>
<Text Id='48'>,</Text>
<Text Id='49'>.</Text>
<Text Id='50'>Save</Text>
<Text Id='51'>Exit</Text>
<Text Id='52'>Back</Text>
<Text Id='53'>Space</Text>
<Text Id='54'>Lights</Text>
<Text Id='55'>To store the current text to a preset button, choose a button then press save.
To exit this page back to lighting control, press exit.</Text>
<Text Id='56'>Return</Text>
<Text Id='57'>Interactive</Text>
<Text Id='58'>Box Office</Text>
<Text Id='59'>Services</Text>
<Text Id='60'>a</Text>
<Text Id='61'>g</Text>
<Text Id='62'>Channel</Text>
<Text Id='63'>Favorites</Text>
<Text Id='64'>Record</Text>
<Text Id='65'>Keypad</Text>
<Text Id='66'>X</Text>
<Text Id='67'>Room Off</Text>
<Text Id='68'>House Off</Text>
<Text Id='69'>Air Play is a method of streaming your music wirelessly to the speakers
in this room. Having now chosen this feature in this room, you must select
an app that supports Air Play. If this feature is available within an app, this
logo will be displayed



Pressing on this logo within an app will give the option to listen to the app
through the speakers in this room. In order to choose to listen to the app
through the speakers in this room, choose &quot;Denon 3313&quot; from the menu
that appears after pressing on the logo as descrbed above.

Several apps support this feature. These include but are not limited to iTunes,
Spotify, Rhapsody and BBC Radio Player. 

</Text>
<Text Id='70'>D</Text>
<Text Id='71'>B</Text>
<Text Id='72'>A</Text>
<Text Id='73'>C</Text>
<Text Id='74'>Top Menu</Text>
<Text Id='75'>PopUp
Menu</Text>
<Text Id='76'>Subtitle</Text>
<Text Id='77'>Audio</Text>
<Text Id='78'>Control</Text>
<Text Id='79'>Schedule</Text>
<Text Id='80'>Sunday</Text>
<Text Id='81'>Monday</Text>
<Text Id='82'>Tuesday</Text>
<Text Id='83'>Wednesday</Text>
<Text Id='84'>Thursday</Text>
<Text Id='85'>Friday</Text>
<Text Id='86'>Saturday</Text>
<Text Id='87'>Wake</Text>
<Text Id='88'>Leave</Text>
<Text Id='89'>Sleep</Text>
<Text Id='90'>Hour +</Text>
<Text Id='91'>Hour -</Text>
<Text Id='92'>Min -</Text>
<Text Id='93'>Min +</Text>
<Text Id='94'>Climate</Text>
<Text Id='95'>Scheduled Time</Text>
<Text Id='96'>Scheduled Settings</Text>
<Text Id='97'>On</Text>
<Text Id='98'>Off</Text>
<Text Id='99'>1</Text>
<Text Id='100'>2</Text>
<Text Id='101'>3</Text>
<Text Id='102'>6</Text>
<Text Id='103'>5</Text>
<Text Id='104'>4</Text>
<Text Id='105'>7</Text>
<Text Id='106'>8</Text>
<Text Id='107'>9</Text>
<Text Id='108'>0</Text>
<Text Id='109'>Guide</Text>
<Text Id='110'>Info</Text>
<Text Id='111'>Start</Text>
<Text Id='112'>Weekdays</Text>
<Text Id='113'>Weekend</Text>
<Text Id='114'>Scheduled Tempreture</Text>
<Text Id='115'>1. Select weekdays or weekend</Text>
<Text Id='116'>2. Select the action</Text>
<Text Id='117'>3. Set the time</Text>
<Text Id='118'>4. Set the temp</Text>
<Text Id='119'>Heating Schedule Overview</Text>
<Text Id='120'>Heating ON</Text>
<Text Id='121'>Heating OFF</Text>
<Text Id='122'>Hot Water</Text>
<Text Id='123'>ON</Text>
<Text Id='124'>OFF</Text>
<Text Id='125'>2. Set the On or Off state</Text>
<Text Id='126'>3. Set the On or Off time</Text>
<Text Id='127'>Hot Water
Schedule</Text>
<Text Id='128'>Open</Text>
<Text Id='129'>Stop</Text>
<Text Id='130'>Close</Text>
<Text Id='131'>Blinds</Text>
<Text Id='132'>Yes</Text>
<Text Id='133'>No</Text>
<Text Id='134'>Omit</Text>
<Text Id='135'>Chime</Text>
<Text Id='136'>Part</Text>
<Text Id='137'>Area</Text>
<Text Id='138'>Reset</Text>
<Text Id='139'>Surround</Text>
<Text Id='140'>Speaker</Text>
<Text Id='141'>Actual Temp</Text>
<Text Id='142'>Mode Selection</Text>
<Text Id='143'>Fan Speed</Text>
<Text Id='144'>Fan Direction</Text>
<Text Id='145'>Rename
Presets</Text>
<Text Id='146'>Store
Preset</Text>
<Text Id='147'>To store the current lighting levels to a preset, press Store Preset button.
Then select the button to store the preset to.</Text>
<Text Id='148'>/</Text>
<Text Id='149'>:</Text>
<Image Id='1' Native='False' Path='768x1004_gate.png' Format='png'>
<Size Units='Pixels' Width='768' Height='1004' />
</Image>
<Image Id='2' Native='False' Path='silverline.png' Format='png'>
<Size Units='Pixels' Width='768' Height='65' />
</Image>
<Image Id='3' Native='False' Path='list_BG.png' Format='png'>
<Size Units='Pixels' Width='125' Height='884' />
</Image>
<Image Id='4' Native='False' Path='IMG_0341.PNG' Format='PNG'>
<Size Units='Pixels' Width='125' Height='60' />
</Image>
<Image Id='5' Native='False' Path='IMG_0340.PNG' Format='PNG'>
<Size Units='Pixels' Width='125' Height='60' />
</Image>
<Image Id='6' Native='False' Path='livingroom.png' Format='png'>
<Size Units='Pixels' Width='125' Height='125' />
</Image>
<Image Id='7' Native='False' Path='livingroom_gold.png' Format='png'>
<Size Units='Pixels' Width='125' Height='125' />
</Image>
<Image Id='8' Native='False' Path='kitchen.png' Format='png'>
<Size Units='Pixels' Width='125' Height='125' />
</Image>
<Image Id='9' Native='False' Path='kitchen_gold.png' Format='png'>
<Size Units='Pixels' Width='125' Height='125' />
</Image>
<Image Id='10' Native='False' Path='masterbed.png' Format='png'>
<Size Units='Pixels' Width='125' Height='125' />
</Image>
<Image Id='11' Native='False' Path='masterbed_gold.png' Format='png'>
<Size Units='Pixels' Width='125' Height='125' />
</Image>
<Image Id='12' Native='False' Path='ensuite.png' Format='png'>
<Size Units='Pixels' Width='125' Height='125' />
</Image>
<Image Id='13' Native='False' Path='ensuite_gold.png' Format='png'>
<Size Units='Pixels' Width='125' Height='125' />
</Image>
<Image Id='14' Native='False' Path='guest_2.png' Format='png'>
<Size Units='Pixels' Width='125' Height='125' />
</Image>
<Image Id='15' Native='False' Path='guest2_gold.png' Format='png'>
<Size Units='Pixels' Width='125' Height='125' />
</Image>
<Image Id='16' Native='False' Path='guest_1.png' Format='png'>
<Size Units='Pixels' Width='125' Height='125' />
</Image>
<Image Id='17' Native='False' Path='guest1_gold.png' Format='png'>
<Size Units='Pixels' Width='125' Height='125' />
</Image>
<Image Id='18' Native='False' Path='wholeflat.png' Format='png'>
<Size Units='Pixels' Width='125' Height='125' />
</Image>
<Image Id='19' Native='False' Path='wholeflat_gold.png' Format='png'>
<Size Units='Pixels' Width='125' Height='125' />
</Image>
<Image Id='20' Native='False' Path='Scrn___700x415.png' Format='png'>
<Size Units='Pixels' Width='700' Height='415' />
</Image>
<Image Id='21' Native='False' Path='Btn_Keypad2_241x78_i.png' Format='png'>
<Size Units='Pixels' Width='241' Height='78' />
</Image>
<Image Id='22' Native='False' Path='Btn_Keypad2_241x78_a.png' Format='png'>
<Size Units='Pixels' Width='241' Height='78' />
</Image>
<Image Id='23' Native='False' Path='ibooks_icon_yiset.png' Format='png'>
<Size Units='Pixels' Width='200' Height='200' />
</Image>
<Image Id='24' Native='False' Path='security_20thumb_750.png' Format='png'>
<Size Units='Pixels' Width='360' Height='270' />
</Image>
<Image Id='25' Native='False' Path='entrance.png' Format='png'>
<Size Units='Pixels' Width='360' Height='270' />
</Image>
<Image Id='26' Native='False' Path='garden.png' Format='png'>
<Size Units='Pixels' Width='360' Height='270' />
</Image>
<Image Id='27' Native='False' Path='ipod.png' Format='png'>
<Size Units='Pixels' Width='125' Height='125' />
</Image>
<Image Id='28' Native='False' Path='ipod_gold.png' Format='png'>
<Size Units='Pixels' Width='125' Height='125' />
</Image>
<Image Id='29' Native='False' Path='radio.png' Format='png'>
<Size Units='Pixels' Width='125' Height='125' />
</Image>
<Image Id='30' Native='False' Path='radio_gold.png' Format='png'>
<Size Units='Pixels' Width='125' Height='125' />
</Image>
<Image Id='31' Native='False' Path='sky.png' Format='png'>
<Size Units='Pixels' Width='125' Height='125' />
</Image>
<Image Id='32' Native='False' Path='sky_gold.png' Format='png'>
<Size Units='Pixels' Width='125' Height='125' />
</Image>
<Image Id='33' Native='False' Path='digitaltv.png' Format='png'>
<Size Units='Pixels' Width='125' Height='125' />
</Image>
<Image Id='34' Native='False' Path='digitaltv_gold.png' Format='png'>
<Size Units='Pixels' Width='125' Height='125' />
</Image>
<Image Id='35' Native='False' Path='bluray.png' Format='png'>
<Size Units='Pixels' Width='125' Height='125' />
</Image>
<Image Id='36' Native='False' Path='bluray_gold.png' Format='png'>
<Size Units='Pixels' Width='125' Height='125' />
</Image>
<Image Id='37' Native='False' Path='smarthub.png' Format='png'>
<Size Units='Pixels' Width='125' Height='125' />
</Image>
<Image Id='38' Native='False' Path='smarthub_gold.png' Format='png'>
<Size Units='Pixels' Width='125' Height='125' />
</Image>
<Image Id='39' Native='False' Path='lighting.png' Format='png'>
<Size Units='Pixels' Width='125' Height='125' />
</Image>
<Image Id='40' Native='False' Path='lighting_gold.png' Format='png'>
<Size Units='Pixels' Width='125' Height='125' />
</Image>
<Image Id='41' Native='False' Path='heating.png' Format='png'>
<Size Units='Pixels' Width='125' Height='125' />
</Image>
<Image Id='42' Native='False' Path='heating_gold.png' Format='png'>
<Size Units='Pixels' Width='125' Height='125' />
</Image>
<Image Id='43' Native='False' Path='cooling.png' Format='png'>
<Size Units='Pixels' Width='125' Height='125' />
</Image>
<Image Id='44' Native='False' Path='cooling_gold.png' Format='png'>
<Size Units='Pixels' Width='125' Height='125' />
</Image>
<Image Id='45' Native='False' Path='blinds.png' Format='png'>
<Size Units='Pixels' Width='125' Height='125' />
</Image>
<Image Id='46' Native='False' Path='blinds_gold.png' Format='png'>
<Size Units='Pixels' Width='125' Height='125' />
</Image>
<Image Id='47' Native='False' Path='alarm.png' Format='png'>
<Size Units='Pixels' Width='125' Height='125' />
</Image>
<Image Id='48' Native='False' Path='alarm_gold.png' Format='png'>
<Size Units='Pixels' Width='125' Height='125' />
</Image>
<Image Id='49' Native='False' Path='VolumeBar0001.png' Format='png'>
<Size Units='Pixels' Width='200' Height='25' />
</Image>
<Image Id='50' Native='False' Path='VolumeBar0002.png' Format='png'>
<Size Units='Pixels' Width='200' Height='25' />
</Image>
<Image Id='51' Native='False' Path='VolumeBar0003.png' Format='png'>
<Size Units='Pixels' Width='200' Height='25' />
</Image>
<Image Id='52' Native='False' Path='VolumeBar0004.png' Format='png'>
<Size Units='Pixels' Width='200' Height='25' />
</Image>
<Image Id='53' Native='False' Path='VolumeBar0005.png' Format='png'>
<Size Units='Pixels' Width='200' Height='25' />
</Image>
<Image Id='54' Native='False' Path='VolumeBar0006.png' Format='png'>
<Size Units='Pixels' Width='200' Height='25' />
</Image>
<Image Id='55' Native='False' Path='VolumeBar0007.png' Format='png'>
<Size Units='Pixels' Width='200' Height='25' />
</Image>
<Image Id='56' Native='False' Path='VolumeBar0008.png' Format='png'>
<Size Units='Pixels' Width='200' Height='25' />
</Image>
<Image Id='57' Native='False' Path='VolumeBar0009.png' Format='png'>
<Size Units='Pixels' Width='200' Height='25' />
</Image>
<Image Id='58' Native='False' Path='VolumeBar0010.png' Format='png'>
<Size Units='Pixels' Width='200' Height='25' />
</Image>
<Image Id='59' Native='False' Path='VolumeBar0011.png' Format='png'>
<Size Units='Pixels' Width='200' Height='25' />
</Image>
<Image Id='60' Native='False' Path='VolumeBar0012.png' Format='png'>
<Size Units='Pixels' Width='200' Height='25' />
</Image>
<Image Id='61' Native='False' Path='VolumeBar0013.png' Format='png'>
<Size Units='Pixels' Width='200' Height='25' />
</Image>
<Image Id='62' Native='False' Path='VolumeBar0014.png' Format='png'>
<Size Units='Pixels' Width='200' Height='25' />
</Image>
<Image Id='63' Native='False' Path='VolumeBar0015.png' Format='png'>
<Size Units='Pixels' Width='200' Height='25' />
</Image>
<Image Id='64' Native='False' Path='VolumeBar0016.png' Format='png'>
<Size Units='Pixels' Width='200' Height='25' />
</Image>
<Image Id='65' Native='False' Path='VolumeBar0017.png' Format='png'>
<Size Units='Pixels' Width='200' Height='25' />
</Image>
<Image Id='66' Native='False' Path='VolumeBar0018.png' Format='png'>
<Size Units='Pixels' Width='200' Height='25' />
</Image>
<Image Id='67' Native='False' Path='VolumeBar0019.png' Format='png'>
<Size Units='Pixels' Width='200' Height='25' />
</Image>
<Image Id='68' Native='False' Path='VolumeBar0020.png' Format='png'>
<Size Units='Pixels' Width='200' Height='25' />
</Image>
<Image Id='69' Native='False' Path='VolumeBar0021.png' Format='png'>
<Size Units='Pixels' Width='200' Height='25' />
</Image>
<Image Id='70' Native='False' Path='VolumeBar0022.png' Format='png'>
<Size Units='Pixels' Width='200' Height='25' />
</Image>
<Image Id='71' Native='False' Path='VolumeBar0023.png' Format='png'>
<Size Units='Pixels' Width='200' Height='25' />
</Image>
<Image Id='72' Native='False' Path='VolumeBar0024.png' Format='png'>
<Size Units='Pixels' Width='200' Height='25' />
</Image>
<Image Id='73' Native='False' Path='VolumeBar0025.png' Format='png'>
<Size Units='Pixels' Width='200' Height='25' />
</Image>
<Image Id='74' Native='False' Path='VolumeBar0026.png' Format='png'>
<Size Units='Pixels' Width='200' Height='25' />
</Image>
<Image Id='75' Native='False' Path='VolumeBar0027.png' Format='png'>
<Size Units='Pixels' Width='200' Height='25' />
</Image>
<Image Id='76' Native='False' Path='VolumeBar0028.png' Format='png'>
<Size Units='Pixels' Width='200' Height='25' />
</Image>
<Image Id='77' Native='False' Path='VolumeBar0029.png' Format='png'>
<Size Units='Pixels' Width='200' Height='25' />
</Image>
<Image Id='78' Native='False' Path='VolumeBar0030.png' Format='png'>
<Size Units='Pixels' Width='200' Height='25' />
</Image>
<Image Id='79' Native='False' Path='VolumeBar0031.png' Format='png'>
<Size Units='Pixels' Width='200' Height='25' />
</Image>
<Image Id='80' Native='False' Path='VolumeBar0032.png' Format='png'>
<Size Units='Pixels' Width='200' Height='25' />
</Image>
<Image Id='81' Native='False' Path='VolumeBar0033.png' Format='png'>
<Size Units='Pixels' Width='200' Height='25' />
</Image>
<Image Id='82' Native='False' Path='VolumeBar0034.png' Format='png'>
<Size Units='Pixels' Width='200' Height='25' />
</Image>
<Image Id='83' Native='False' Path='VolumeBar0035.png' Format='png'>
<Size Units='Pixels' Width='200' Height='25' />
</Image>
<Image Id='84' Native='False' Path='VolumeBar0036.png' Format='png'>
<Size Units='Pixels' Width='200' Height='25' />
</Image>
<Image Id='85' Native='False' Path='VolumeBar0037.png' Format='png'>
<Size Units='Pixels' Width='200' Height='25' />
</Image>
<Image Id='86' Native='False' Path='VolumeBar0038.png' Format='png'>
<Size Units='Pixels' Width='200' Height='25' />
</Image>
<Image Id='87' Native='False' Path='VolumeBar0039.png' Format='png'>
<Size Units='Pixels' Width='200' Height='25' />
</Image>
<Image Id='88' Native='False' Path='VolumeBar0040.png' Format='png'>
<Size Units='Pixels' Width='200' Height='25' />
</Image>
<Image Id='89' Native='False' Path='VolumeBar0041.png' Format='png'>
<Size Units='Pixels' Width='200' Height='25' />
</Image>
<Image Id='90' Native='False' Path='VolumeBar0042.png' Format='png'>
<Size Units='Pixels' Width='200' Height='25' />
</Image>
<Image Id='91' Native='False' Path='VolumeBar0043.png' Format='png'>
<Size Units='Pixels' Width='200' Height='25' />
</Image>
<Image Id='92' Native='False' Path='VolumeBar0044.png' Format='png'>
<Size Units='Pixels' Width='200' Height='25' />
</Image>
<Image Id='93' Native='False' Path='VolumeBar0045.png' Format='png'>
<Size Units='Pixels' Width='200' Height='25' />
</Image>
<Image Id='94' Native='False' Path='VolumeBar0046.png' Format='png'>
<Size Units='Pixels' Width='200' Height='25' />
</Image>
<Image Id='95' Native='False' Path='VolumeBar0047.png' Format='png'>
<Size Units='Pixels' Width='200' Height='25' />
</Image>
<Image Id='96' Native='False' Path='VolumeBar0048.png' Format='png'>
<Size Units='Pixels' Width='200' Height='25' />
</Image>
<Image Id='97' Native='False' Path='VolumeBar0049.png' Format='png'>
<Size Units='Pixels' Width='200' Height='25' />
</Image>
<Image Id='98' Native='False' Path='VolumeBar0050.png' Format='png'>
<Size Units='Pixels' Width='200' Height='25' />
</Image>
<Image Id='99' Native='False' Path='VolumeBar0051.png' Format='png'>
<Size Units='Pixels' Width='200' Height='25' />
</Image>
<Image Id='100' Native='False' Path='VolumeBar0052.png' Format='png'>
<Size Units='Pixels' Width='200' Height='25' />
</Image>
<Image Id='101' Native='False' Path='VolumeBar0053.png' Format='png'>
<Size Units='Pixels' Width='200' Height='25' />
</Image>
<Image Id='102' Native='False' Path='VolumeBar0054.png' Format='png'>
<Size Units='Pixels' Width='200' Height='25' />
</Image>
<Image Id='103' Native='False' Path='VolumeBar0055.png' Format='png'>
<Size Units='Pixels' Width='200' Height='25' />
</Image>
<Image Id='104' Native='False' Path='VolumeBar0056.png' Format='png'>
<Size Units='Pixels' Width='200' Height='25' />
</Image>
<Image Id='105' Native='False' Path='VolumeBar0057.png' Format='png'>
<Size Units='Pixels' Width='200' Height='25' />
</Image>
<Image Id='106' Native='False' Path='VolumeBar0058.png' Format='png'>
<Size Units='Pixels' Width='200' Height='25' />
</Image>
<Image Id='107' Native='False' Path='VolumeBar0059.png' Format='png'>
<Size Units='Pixels' Width='200' Height='25' />
</Image>
<Image Id='108' Native='False' Path='VolumeBar0060.png' Format='png'>
<Size Units='Pixels' Width='200' Height='25' />
</Image>
<Image Id='109' Native='False' Path='VolumeBar0061.png' Format='png'>
<Size Units='Pixels' Width='200' Height='25' />
</Image>
<Image Id='110' Native='False' Path='VolumeBar0062.png' Format='png'>
<Size Units='Pixels' Width='200' Height='25' />
</Image>
<Image Id='111' Native='False' Path='VolumeBar0063.png' Format='png'>
<Size Units='Pixels' Width='200' Height='25' />
</Image>
<Image Id='112' Native='False' Path='VolumeBar0064.png' Format='png'>
<Size Units='Pixels' Width='200' Height='25' />
</Image>
<Image Id='113' Native='False' Path='VolumeBar0065.png' Format='png'>
<Size Units='Pixels' Width='200' Height='25' />
</Image>
<Image Id='114' Native='False' Path='VolumeBar0066.png' Format='png'>
<Size Units='Pixels' Width='200' Height='25' />
</Image>
<Image Id='115' Native='False' Path='VolumeBar0067.png' Format='png'>
<Size Units='Pixels' Width='200' Height='25' />
</Image>
<Image Id='116' Native='False' Path='VolumeBar0068.png' Format='png'>
<Size Units='Pixels' Width='200' Height='25' />
</Image>
<Image Id='117' Native='False' Path='VolumeBar0069.png' Format='png'>
<Size Units='Pixels' Width='200' Height='25' />
</Image>
<Image Id='118' Native='False' Path='VolumeBar0070.png' Format='png'>
<Size Units='Pixels' Width='200' Height='25' />
</Image>
<Image Id='119' Native='False' Path='VolumeBar0071.png' Format='png'>
<Size Units='Pixels' Width='200' Height='25' />
</Image>
<Image Id='120' Native='False' Path='VolumeBar0072.png' Format='png'>
<Size Units='Pixels' Width='200' Height='25' />
</Image>
<Image Id='121' Native='False' Path='VolumeBar0073.png' Format='png'>
<Size Units='Pixels' Width='200' Height='25' />
</Image>
<Image Id='122' Native='False' Path='VolumeBar0074.png' Format='png'>
<Size Units='Pixels' Width='200' Height='25' />
</Image>
<Image Id='123' Native='False' Path='VolumeBar0075.png' Format='png'>
<Size Units='Pixels' Width='200' Height='25' />
</Image>
<Image Id='124' Native='False' Path='VolumeBar0076.png' Format='png'>
<Size Units='Pixels' Width='200' Height='25' />
</Image>
<Image Id='125' Native='False' Path='VolumeBar0077.png' Format='png'>
<Size Units='Pixels' Width='200' Height='25' />
</Image>
<Image Id='126' Native='False' Path='VolumeBar0078.png' Format='png'>
<Size Units='Pixels' Width='200' Height='25' />
</Image>
<Image Id='127' Native='False' Path='VolumeBar0079.png' Format='png'>
<Size Units='Pixels' Width='200' Height='25' />
</Image>
<Image Id='128' Native='False' Path='VolumeBar0080.png' Format='png'>
<Size Units='Pixels' Width='200' Height='25' />
</Image>
<Image Id='129' Native='False' Path='VolumeBar0081.png' Format='png'>
<Size Units='Pixels' Width='200' Height='25' />
</Image>
<Image Id='130' Native='False' Path='VolumeBar0082.png' Format='png'>
<Size Units='Pixels' Width='200' Height='25' />
</Image>
<Image Id='131' Native='False' Path='VolumeBar0083.png' Format='png'>
<Size Units='Pixels' Width='200' Height='25' />
</Image>
<Image Id='132' Native='False' Path='VolumeBar0084.png' Format='png'>
<Size Units='Pixels' Width='200' Height='25' />
</Image>
<Image Id='133' Native='False' Path='VolumeBar0085.png' Format='png'>
<Size Units='Pixels' Width='200' Height='25' />
</Image>
<Image Id='134' Native='False' Path='VolumeBar0086.png' Format='png'>
<Size Units='Pixels' Width='200' Height='25' />
</Image>
<Image Id='135' Native='False' Path='VolumeBar0087.png' Format='png'>
<Size Units='Pixels' Width='200' Height='25' />
</Image>
<Image Id='136' Native='False' Path='VolumeBar0088.png' Format='png'>
<Size Units='Pixels' Width='200' Height='25' />
</Image>
<Image Id='137' Native='False' Path='VolumeBar0089.png' Format='png'>
<Size Units='Pixels' Width='200' Height='25' />
</Image>
<Image Id='138' Native='False' Path='VolumeBar0090.png' Format='png'>
<Size Units='Pixels' Width='200' Height='25' />
</Image>
<Image Id='139' Native='False' Path='VolumeBar0091.png' Format='png'>
<Size Units='Pixels' Width='200' Height='25' />
</Image>
<Image Id='140' Native='False' Path='VolumeBar0092.png' Format='png'>
<Size Units='Pixels' Width='200' Height='25' />
</Image>
<Image Id='141' Native='False' Path='VolumeBar0093.png' Format='png'>
<Size Units='Pixels' Width='200' Height='25' />
</Image>
<Image Id='142' Native='False' Path='VolumeBar0094.png' Format='png'>
<Size Units='Pixels' Width='200' Height='25' />
</Image>
<Image Id='143' Native='False' Path='VolumeBar0095.png' Format='png'>
<Size Units='Pixels' Width='200' Height='25' />
</Image>
<Image Id='144' Native='False' Path='VolumeBar0096.png' Format='png'>
<Size Units='Pixels' Width='200' Height='25' />
</Image>
<Image Id='145' Native='False' Path='VolumeBar0097.png' Format='png'>
<Size Units='Pixels' Width='200' Height='25' />
</Image>
<Image Id='146' Native='False' Path='VolumeBar0098.png' Format='png'>
<Size Units='Pixels' Width='200' Height='25' />
</Image>
<Image Id='147' Native='False' Path='VolumeBar0099.png' Format='png'>
<Size Units='Pixels' Width='200' Height='25' />
</Image>
<Image Id='148' Native='False' Path='VolumeBar0100.png' Format='png'>
<Size Units='Pixels' Width='200' Height='25' />
</Image>
<Image Id='149' Native='False' Path='katyperry-oneofheboys143.png' Format='png'>
<Size Units='Pixels' Width='143' Height='143' />
</Image>
<Image Id='150' Native='False' Path='internet_20radio_20image.png' Format='png'>
<Size Units='Pixels' Width='210' Height='210' />
</Image>
<Image Id='151' Native='False' Path='transport.png' Format='png'>
<Size Units='Pixels' Width='220' Height='220' />
</Image>
<Image Id='152' Native='False' Path='up_i.png' Format='png'>
<Size Units='Pixels' Width='80' Height='60' />
</Image>
<Image Id='153' Native='False' Path='up_a.png' Format='png'>
<Size Units='Pixels' Width='80' Height='60' />
</Image>
<Image Id='154' Native='False' Path='left_i.png' Format='png'>
<Size Units='Pixels' Width='60' Height='80' />
</Image>
<Image Id='155' Native='False' Path='left_a.png' Format='png'>
<Size Units='Pixels' Width='60' Height='80' />
</Image>
<Image Id='156' Native='False' Path='down_i.png' Format='png'>
<Size Units='Pixels' Width='80' Height='60' />
</Image>
<Image Id='157' Native='False' Path='down_a.png' Format='png'>
<Size Units='Pixels' Width='80' Height='60' />
</Image>
<Image Id='158' Native='False' Path='ok_i.png' Format='png'>
<Size Units='Pixels' Width='80' Height='60' />
</Image>
<Image Id='159' Native='False' Path='ok_a.png' Format='png'>
<Size Units='Pixels' Width='80' Height='60' />
</Image>
<Image Id='160' Native='False' Path='right_i.png' Format='png'>
<Size Units='Pixels' Width='60' Height='80' />
</Image>
<Image Id='161' Native='False' Path='right_a.png' Format='png'>
<Size Units='Pixels' Width='60' Height='80' />
</Image>
<Image Id='162' Native='False' Path='File0393.pngngtga8.png.png' Format='png'>
<Size Units='Pixels' Width='112' Height='90' />
</Image>
<Image Id='163' Native='False' Path='File0075.png' Format='png'>
<Size Units='Pixels' Width='72' Height='72' />
</Image>
<Image Id='164' Native='False' Path='129886-simple-red-square-icon-symbols-shapes-power-button.png' Format='png'>
<Size Units='Pixels' Width='512' Height='512' />
</Image>
<Image Id='165' Native='False' Path='airplay_cutout.png' Format='png'>
<Size Units='Pixels' Width='91' Height='67' />
</Image>
<Image Id='166' Native='False' Path='ITunes_Logo.png' Format='png'>
<Size Units='Pixels' Width='256' Height='256' />
</Image>
<Image Id='167' Native='False' Path='app_store_icon.png' Format='png'>
<Size Units='Pixels' Width='512' Height='512' />
</Image>
<Image Id='168' Native='False' Path='spotify-logo.png' Format='png'>
<Size Units='Pixels' Width='512' Height='512' />
</Image>
<Image Id='169' Native='False' Path='hdmi_landing.png' Format='png'>
<Size Units='Pixels' Width='380' Height='500' />
</Image>
<Image Id='170' Native='False' Path='IMG_0338.PNG' Format='PNG'>
<Size Units='Pixels' Width='84' Height='85' />
</Image>
</Resources>
</File>
