<?xml version='1.0' encoding='ISO-8859-1' ?>
<File Type='Page' Version='5.1.0'>
<Control Type='Page' Name='Main' Transition='0' TransitionDuration='-1'>
<Position Units='Pixels' X='0' Y='0' />
<Size Units='Pixels' Width='768' Height='1004' />
<VisualStyles>
<VisualStyle>
<Background>
<Color  R='1' G='1' B='1' A='1' />
</Background>
<Image Id='1' />
</VisualStyle>
</VisualStyles>
<Control Type='Button' Name='Image'>
<Position Units='Pixels' X='0' Y='213' />
<Size Units='Pixels' Width='768' Height='65' />
<VisualStyles>
<VisualStyle State='0' Mode='0'>
<Image Id='2' Alpha='1' />
</VisualStyle>
</VisualStyles>
</Control>
<Control Type='Button' Name='Image'>
<Position Units='Pixels' X='643' Y='120' />
<Size Units='Pixels' Width='125' Height='884' />
<VisualStyles>
<VisualStyle State='0' Mode='0'>
<Image Id='3' Alpha='1' />
</VisualStyle>
</VisualStyles>
</Control>
<Control Type='Button' Name='Text' Anchoring='59'>
<Position Units='Pixels' X='75' Y='956' />
<Size Units='Pixels' Width='26' Height='32' />
<VisualStyles>
<VisualStyle State='0' Mode='0'>
<Text Id='1' FontId='1' Alignment='CenterLeft' Wrap='False'>
<Color  R='0' G='0' B='0' A='1' />
</Text>
</VisualStyle>
</VisualStyles>
</Control>
<Control Type='Button' Name='Text'>
<Position Units='Pixels' X='4' Y='314' />
<Size Units='Pixels' Width='381' Height='35' />
<VisualStyles>
<VisualStyle State='0' Mode='0'>
<Text Id='2' FontId='2' Alignment='CenterLeft' Wrap='False'>
<Color  R='1' G='1' B='1' A='1' />
</Text>
</VisualStyle>
</VisualStyles>
</Control>
<Control Type='Button' Name='Text'>
<Position Units='Pixels' X='403' Y='314' />
<Size Units='Pixels' Width='221' Height='35' />
<VisualStyles>
<VisualStyle State='0' Mode='0'>
<Text FontId='2' Alignment='CenterLeft' Wrap='False'>
<Bindings>
<Binding Id='100' Type='Serial' Property='Text'/>
</Bindings>
<Color  R='0.772549' G='0.717647' B='0.505882' A='1' />
</Text>
</VisualStyle>
</VisualStyles>
</Control>
<Control Type='Button' Name='Image'>
<Position Units='Pixels' X='643' Y='0' />
<Size Units='Pixels' Width='125' Height='60' />
<VisualStyles>
<VisualStyle State='0' Mode='0'>
<Image Id='4' Alpha='1' />
</VisualStyle>
</VisualStyles>
</Control>
<Control Type='Button' Name='Image'>
<Position Units='Pixels' X='643' Y='944' />
<Size Units='Pixels' Width='125' Height='60' />
<VisualStyles>
<VisualStyle State='0' Mode='0'>
<Image Id='5' Alpha='1' />
</VisualStyle>
</VisualStyles>
</Control>
<Control Type='Button' Name='Text'>
<Position Units='Pixels' X='8' Y='354' />
<Size Units='Pixels' Width='381' Height='35' />
<VisualStyles>
<VisualStyle State='0' Mode='0'>
<Text Id='3' FontId='2' Alignment='CenterLeft' Wrap='False'>
<Color  R='1' G='1' B='1' A='1' />
</Text>
</VisualStyle>
</VisualStyles>
</Control>
<Control Type='Button' Name='Text'>
<Position Units='Pixels' X='403' Y='354' />
<Size Units='Pixels' Width='234' Height='35' />
<VisualStyles>
<VisualStyle State='0' Mode='0'>
<Text FontId='2' Alignment='CenterLeft' Wrap='False'>
<Bindings>
<Binding Id='101' Type='Serial' Property='Text'/>
</Bindings>
<Color  R='0.772549' G='0.717647' B='0.505882' A='1' />
</Text>
</VisualStyle>
</VisualStyles>
</Control>
<Control Type='ScrollableArea' Name='HorizontalList_1_1'>
<Position Units='Pixels' X='0' Y='183' />
<Size Units='Pixels' Width='625' Height='125' />
<ContentArea Orientation='1'>
<Control Type='Button' Name='Item 1' Anchoring='27'>
<Position Units='Pixels' X='0' Y='0' />
<Size Units='Pixels' Width='125' Height='125' />
<VisualStyles>
<VisualStyle State='0' Mode='0'>
<Face Type='2D'>
<Color  R='0.752941' G='0.752941' B='0.752941' A='0' />
</Face>
<Image Id='6' Alpha='1' />
</VisualStyle>
<VisualStyle State='1' Mode='0'>
<Face Type='2D'>
<Color  R='0.752941' G='0.752941' B='0.752941' A='0' />
</Face>
<Image Id='7' Alpha='1' />
</VisualStyle>
</VisualStyles>
<Bindings>
<Binding Id='20' Type='Digital' Property='State'/>
</Bindings>
<Commands>
<Command Action='TouchDown' Id='20' Type='Digital' Value='True' />
<Command Action='TouchUp' Id='20' Type='Digital' Value='False' />
</Commands>
</Control>
<Control Type='Button' Name='Item 2' Anchoring='27'>
<Position Units='Pixels' X='125' Y='0' />
<Size Units='Pixels' Width='125' Height='125' />
<VisualStyles>
<VisualStyle State='0' Mode='0'>
<Face Type='2D'>
<Color  R='0.752941' G='0.752941' B='0.752941' A='0' />
</Face>
<Image Id='8' Alpha='1' />
</VisualStyle>
<VisualStyle State='1' Mode='0'>
<Face Type='2D'>
<Color  R='0.752941' G='0.752941' B='0.752941' A='0' />
</Face>
<Image Id='9' Alpha='1' />
</VisualStyle>
</VisualStyles>
<Bindings>
<Binding Id='27' Type='Digital' Property='State'/>
</Bindings>
<Commands>
<Command Action='TouchDown' Id='27' Type='Digital' Value='True' />
<Command Action='TouchUp' Id='27' Type='Digital' Value='False' />
</Commands>
</Control>
<Control Type='Button' Name='Item 3' Anchoring='27'>
<Position Units='Pixels' X='250' Y='0' />
<Size Units='Pixels' Width='125' Height='125' />
<VisualStyles>
<VisualStyle State='0' Mode='0'>
<Face Type='2D'>
<Color  R='0.752941' G='0.752941' B='0.752941' A='0' />
</Face>
<Image Id='10' Alpha='1' />
</VisualStyle>
<VisualStyle State='1' Mode='0'>
<Face Type='2D'>
<Color  R='0.752941' G='0.752941' B='0.752941' A='0' />
</Face>
<Image Id='11' Alpha='1' />
</VisualStyle>
</VisualStyles>
<Bindings>
<Binding Id='21' Type='Digital' Property='State'/>
</Bindings>
<Commands>
<Command Action='TouchDown' Id='21' Type='Digital' Value='True' />
<Command Action='TouchUp' Id='21' Type='Digital' Value='False' />
</Commands>
</Control>
<Control Type='Button' Name='Item 4' Anchoring='27'>
<Position Units='Pixels' X='375' Y='0' />
<Size Units='Pixels' Width='125' Height='125' />
<VisualStyles>
<VisualStyle State='0' Mode='0'>
<Face Type='2D'>
<Color  R='0.752941' G='0.752941' B='0.752941' A='0' />
</Face>
<Image Id='12' Alpha='1' />
</VisualStyle>
<VisualStyle State='1' Mode='0'>
<Face Type='2D'>
<Color  R='0.752941' G='0.752941' B='0.752941' A='0' />
</Face>
<Image Id='13' Alpha='1' />
</VisualStyle>
</VisualStyles>
<Bindings>
<Binding Id='22' Type='Digital' Property='State'/>
</Bindings>
<Commands>
<Command Action='TouchDown' Id='22' Type='Digital' Value='True' />
<Command Action='TouchUp' Id='22' Type='Digital' Value='False' />
</Commands>
</Control>
<Control Type='Button' Name='Item 5' Anchoring='27'>
<Position Units='Pixels' X='500' Y='0' />
<Size Units='Pixels' Width='125' Height='125' />
<VisualStyles>
<VisualStyle State='0' Mode='0'>
<Face Type='2D'>
<Color  R='0.752941' G='0.752941' B='0.752941' A='0' />
</Face>
<Image Id='14' Alpha='1' />
</VisualStyle>
<VisualStyle State='1' Mode='0'>
<Face Type='2D'>
<Color  R='0.752941' G='0.752941' B='0.752941' A='0' />
</Face>
<Image Id='15' Alpha='1' />
</VisualStyle>
</VisualStyles>
<Bindings>
<Binding Id='23' Type='Digital' Property='State'/>
</Bindings>
<Commands>
<Command Action='TouchDown' Id='23' Type='Digital' Value='True' />
<Command Action='TouchUp' Id='23' Type='Digital' Value='False' />
</Commands>
</Control>
<Control Type='Button' Name='Item 6' Anchoring='27'>
<Position Units='Pixels' X='625' Y='0' />
<Size Units='Pixels' Width='125' Height='125' />
<VisualStyles>
<VisualStyle State='0' Mode='0'>
<Face Type='2D'>
<Color  R='0.752941' G='0.752941' B='0.752941' A='0' />
</Face>
<Image Id='12' Alpha='1' />
</VisualStyle>
<VisualStyle State='1' Mode='0'>
<Face Type='2D'>
<Color  R='0.752941' G='0.752941' B='0.752941' A='0' />
</Face>
<Image Id='13' Alpha='1' />
</VisualStyle>
</VisualStyles>
<Bindings>
<Binding Id='24' Type='Digital' Property='State'/>
</Bindings>
<Commands>
<Command Action='TouchDown' Id='24' Type='Digital' Value='True' />
<Command Action='TouchUp' Id='24' Type='Digital' Value='False' />
</Commands>
</Control>
<Control Type='Button' Name='Item 7' Anchoring='27'>
<Position Units='Pixels' X='750' Y='0' />
<Size Units='Pixels' Width='125' Height='125' />
<VisualStyles>
<VisualStyle State='0' Mode='0'>
<Face Type='2D'>
<Color  R='0.752941' G='0.752941' B='0.752941' A='0' />
</Face>
<Image Id='16' Alpha='1' />
</VisualStyle>
<VisualStyle State='1' Mode='0'>
<Face Type='2D'>
<Color  R='0.752941' G='0.752941' B='0.752941' A='0' />
</Face>
<Image Id='17' Alpha='1' />
</VisualStyle>
</VisualStyles>
<Bindings>
<Binding Id='25' Type='Digital' Property='State'/>
</Bindings>
<Commands>
<Command Action='TouchDown' Id='25' Type='Digital' Value='True' />
<Command Action='TouchUp' Id='25' Type='Digital' Value='False' />
</Commands>
</Control>
<Control Type='Button' Name='Item 8' Anchoring='27'>
<Position Units='Pixels' X='875' Y='0' />
<Size Units='Pixels' Width='125' Height='125' />
<VisualStyles>
<VisualStyle State='0' Mode='0'>
<Face Type='2D'>
<Color  R='0.752941' G='0.752941' B='0.752941' A='0' />
</Face>
<Image Id='12' Alpha='1' />
</VisualStyle>
<VisualStyle State='1' Mode='0'>
<Face Type='2D'>
<Color  R='0.752941' G='0.752941' B='0.752941' A='0' />
</Face>
<Image Id='13' Alpha='1' />
</VisualStyle>
</VisualStyles>
<Bindings>
<Binding Id='26' Type='Digital' Property='State'/>
</Bindings>
<Commands>
<Command Action='TouchDown' Id='26' Type='Digital' Value='True' />
<Command Action='TouchUp' Id='26' Type='Digital' Value='False' />
</Commands>
</Control>
<Control Type='Button' Name='Item 9' Anchoring='27'>
<Position Units='Pixels' X='1000' Y='0' />
<Size Units='Pixels' Width='125' Height='125' />
<VisualStyles>
<VisualStyle State='0' Mode='0'>
<Face Type='2D'>
<Color  R='0.752941' G='0.752941' B='0.752941' A='0' />
</Face>
<Image Id='18' Alpha='1' />
</VisualStyle>
<VisualStyle State='1' Mode='0'>
<Face Type='2D'>
<Color  R='0.752941' G='0.752941' B='0.752941' A='0' />
</Face>
<Image Id='19' Alpha='1' />
</VisualStyle>
</VisualStyles>
<Bindings>
<Binding Id='28' Type='Digital' Property='State'/>
</Bindings>
<Commands>
<Command Action='TouchDown' Id='28' Type='Digital' Value='True' />
<Command Action='TouchUp' Id='28' Type='Digital' Value='False' />
</Commands>
</Control>
</ContentArea >
</Control>
<Control Type='Subpage' Name='Subref' Reference='[Lists] LIVING LIST-CUT'>
<Position Units='Pixels' X='643' Y='60' />
<Size Units='Pixels' Width='125' Height='884' />
<Bindings>
<Binding Id='20' Type='Digital' Property='Visible'/>
</Bindings>
</Control>
<Control Type='Subpage' Name='Subref' Reference='[Lists] MBED LIST-CUT'>
<Position Units='Pixels' X='643' Y='60' />
<Size Units='Pixels' Width='125' Height='884' />
<Bindings>
<Binding Id='21' Type='Digital' Property='Visible'/>
</Bindings>
</Control>
<Control Type='Subpage' Name='Subref' Reference='[Lists] ENSUITES'>
<Position Units='Pixels' X='643' Y='60' />
<Size Units='Pixels' Width='125' Height='884' />
<Bindings>
<Binding Id='22' Type='Digital' Property='Visible'/>
</Bindings>
</Control>
<Control Type='Subpage' Name='Subref' Reference='[Lists] BEDROOMS-CUT'>
<Position Units='Pixels' X='643' Y='60' />
<Size Units='Pixels' Width='125' Height='884' />
<Bindings>
<Binding Id='23' Type='Digital' Property='Visible'/>
</Bindings>
</Control>
<Control Type='Subpage' Name='Subref' Reference='[Lists] ENSUITES'>
<Position Units='Pixels' X='643' Y='60' />
<Size Units='Pixels' Width='125' Height='884' />
<Bindings>
<Binding Id='24' Type='Digital' Property='Visible'/>
</Bindings>
</Control>
<Control Type='Subpage' Name='Subref' Reference='[Lists] BEDROOMS-CUT'>
<Position Units='Pixels' X='643' Y='60' />
<Size Units='Pixels' Width='125' Height='884' />
<Bindings>
<Binding Id='25' Type='Digital' Property='Visible'/>
</Bindings>
</Control>
<Control Type='Subpage' Name='Subref' Reference='[Lists] ENSUITES'>
<Position Units='Pixels' X='643' Y='60' />
<Size Units='Pixels' Width='125' Height='884' />
<Bindings>
<Binding Id='26' Type='Digital' Property='Visible'/>
</Bindings>
</Control>
<Control Type='Subpage' Name='Subref' Reference='[Lists] Kitchen List'>
<Position Units='Pixels' X='643' Y='60' />
<Size Units='Pixels' Width='125' Height='884' />
<Bindings>
<Binding Id='27' Type='Digital' Property='Visible'/>
</Bindings>
</Control>
<Control Type='Subpage' Name='Subref' Reference='[Lists] HOUSE LIST-CUT'>
<Position Units='Pixels' X='643' Y='60' />
<Size Units='Pixels' Width='125' Height='884' />
<Bindings>
<Binding Id='28' Type='Digital' Property='Visible'/>
</Bindings>
</Control>
<Control Type='Subpage' Name='Subref' Anchoring='48' Reference='[House Control] Heating - ok'>
<Position Units='Pixels' X='0' Y='354' />
<Size Units='Pixels' Width='635' Height='645' />
<Bindings>
<Binding Id='74' Type='Digital' Property='Visible'/>
</Bindings>
</Control>
<Control Type='Subpage' Name='Subref' Reference='[House Control] Heating Schedule 5-2 - ok'>
<Position Units='Pixels' X='0' Y='354' />
<Size Units='Pixels' Width='635' Height='645' />
<Bindings>
<Binding Id='77' Type='Digital' Property='Visible'/>
</Bindings>
</Control>
<Control Type='Subpage' Name='Subref' Reference='[House Control] Heating HW'>
<Position Units='Pixels' X='0' Y='354' />
<Size Units='Pixels' Width='635' Height='645' />
<Bindings>
<Binding Id='79' Type='Digital' Property='Visible'/>
</Bindings>
</Control>
<Control Type='Subpage' Name='Subref' Reference='[House Control] Blinds'>
<Position Units='Pixels' X='0' Y='354' />
<Size Units='Pixels' Width='635' Height='645' />
<Bindings>
<Binding Id='81' Type='Digital' Property='Visible'/>
</Bindings>
</Control>
<Control Type='Subpage' Name='Subref' Reference='[House Control] Alarm'>
<Position Units='Pixels' X='0' Y='354' />
<Size Units='Pixels' Width='635' Height='645' />
<Bindings>
<Binding Id='82' Type='Digital' Property='Visible'/>
</Bindings>
</Control>
<Control Type='Subpage' Name='Subref' Reference='[House Control] Cooling'>
<Position Units='Pixels' X='0' Y='354' />
<Size Units='Pixels' Width='635' Height='550' />
<Bindings>
<Binding Id='85' Type='Digital' Property='Visible'/>
</Bindings>
</Control>
<Control Type='Subpage' Name='Subref' Reference='[House Control] Blinds-House'>
<Position Units='Pixels' X='0' Y='354' />
<Size Units='Pixels' Width='635' Height='645' />
<Bindings>
<Binding Id='87' Type='Digital' Property='Visible'/>
</Bindings>
</Control>
<Control Type='Subpage' Name='Subref' Reference='[House Control] Lights Living'>
<Position Units='Pixels' X='0' Y='354' />
<Size Units='Pixels' Width='635' Height='550' />
<Bindings>
<Binding Id='71' Type='Digital' Property='Visible'/>
</Bindings>
</Control>
<Control Type='Subpage' Name='Subref' Reference='[House Control] Lights MBed'>
<Position Units='Pixels' X='0' Y='354' />
<Size Units='Pixels' Width='635' Height='550' />
<Bindings>
<Binding Id='72' Type='Digital' Property='Visible'/>
</Bindings>
</Control>
<Control Type='Subpage' Name='Subref' Reference='[House Control] Lights Guest'>
<Position Units='Pixels' X='0' Y='354' />
<Size Units='Pixels' Width='635' Height='550' />
<Bindings>
<Binding Id='88' Type='Digital' Property='Visible'/>
</Bindings>
</Control>
<Control Type='Subpage' Name='Subref' Reference='[House Control] Lights Study'>
<Position Units='Pixels' X='0' Y='354' />
<Size Units='Pixels' Width='635' Height='550' />
<Bindings>
<Binding Id='89' Type='Digital' Property='Visible'/>
</Bindings>
</Control>
<Control Type='Subpage' Name='Subref' Reference='[House Control] Lights Kitchen'>
<Position Units='Pixels' X='0' Y='354' />
<Size Units='Pixels' Width='635' Height='550' />
<Bindings>
<Binding Id='90' Type='Digital' Property='Visible'/>
</Bindings>
</Control>
<Control Type='Subpage' Name='Subref' Reference='[House Control] Lights House'>
<Position Units='Pixels' X='0' Y='354' />
<Size Units='Pixels' Width='635' Height='550' />
<Bindings>
<Binding Id='86' Type='Digital' Property='Visible'/>
</Bindings>
</Control>
<Control Type='Subpage' Name='Subref' Reference='[House Control] Lights Rename'>
<Position Units='Pixels' X='0' Y='354' />
<Size Units='Pixels' Width='635' Height='550' />
<Bindings>
<Binding Id='91' Type='Digital' Property='Visible'/>
</Bindings>
</Control>
<Control Type='Subpage' Name='Subref' Anchoring='48' Reference='[Source control] Room Off - ok'>
<Position Units='Pixels' X='0' Y='354' />
<Size Units='Pixels' Width='635' Height='645' />
<Bindings>
<Binding Id='65' Type='Digital' Property='Visible'/>
</Bindings>
</Control>
<Control Type='Subpage' Name='Subref' Reference='[Source control] Blu Ray - ok'>
<Position Units='Pixels' X='0' Y='354' />
<Size Units='Pixels' Width='635' Height='645' />
<Bindings>
<Binding Id='70' Type='Digital' Property='Visible'/>
</Bindings>
</Control>
<Control Type='Subpage' Name='Subref' Anchoring='48' Reference='[Source control] iPod - ok'>
<Position Units='Pixels' X='0' Y='354' />
<Size Units='Pixels' Width='635' Height='645' />
<Bindings>
<Binding Id='67' Type='Digital' Property='Visible'/>
</Bindings>
</Control>
<Control Type='Subpage' Name='Subref' Anchoring='48' Reference='[Source control] Radio - ok'>
<Position Units='Pixels' X='0' Y='354' />
<Size Units='Pixels' Width='635' Height='645' />
<Bindings>
<Binding Id='66' Type='Digital' Property='Visible'/>
</Bindings>
</Control>
<Control Type='Subpage' Name='Subref' Reference='[Source control] Sky - Main - ok'>
<Position Units='Pixels' X='0' Y='354' />
<Size Units='Pixels' Width='635' Height='645' />
<Bindings>
<Binding Id='68' Type='Digital' Property='Visible'/>
</Bindings>
</Control>
<Control Type='Subpage' Name='Subref' Reference='[Source control] Sky - Favorites - ok'>
<Position Units='Pixels' X='0' Y='354' />
<Size Units='Pixels' Width='635' Height='645' />
<Bindings>
<Binding Id='75' Type='Digital' Property='Visible'/>
</Bindings>
</Control>
<Control Type='Subpage' Name='Subref' Reference='[Source control] Sky -Keypad - ok'>
<Position Units='Pixels' X='0' Y='354' />
<Size Units='Pixels' Width='635' Height='645' />
<Bindings>
<Binding Id='76' Type='Digital' Property='Visible'/>
</Bindings>
</Control>
<Control Type='Subpage' Name='Subref' Reference='[Source control] TV - ok'>
<Position Units='Pixels' X='0' Y='354' />
<Size Units='Pixels' Width='635' Height='645' />
<Bindings>
<Binding Id='69' Type='Digital' Property='Visible'/>
</Bindings>
</Control>
<Control Type='Subpage' Name='Subref' Reference='Sky btn'>
<Position Units='Pixels' X='0' Y='787' />
<Size Units='Pixels' Width='635' Height='60' />
<Bindings>
<Binding Id='83' Type='Digital' Property='Visible'/>
</Bindings>
</Control>
<Control Type='Subpage' Name='Subref' Reference='Sky btn'>
<Position Units='Pixels' X='0' Y='787' />
<Size Units='Pixels' Width='635' Height='60' />
<Bindings>
<Binding Id='84' Type='Digital' Property='Visible'/>
</Bindings>
</Control>
<Control Type='Subpage' Name='Subref' Reference='[House Control] Heating Overview - ok'>
<Position Units='Pixels' X='4' Y='487' />
<Size Units='Pixels' Width='635' Height='290' />
<Bindings>
<Binding Id='78' Type='Digital' Property='Visible'/>
</Bindings>
</Control>
<Control Type='Subpage' Name='Subref' Reference='Off - ok'>
<Position Units='Pixels' X='172' Y='498' />
<Size Units='Pixels' Width='360' Height='200' />
<Bindings>
<Binding Id='16' Type='Digital' Property='Visible'/>
</Bindings>
</Control>
<Control Type='Subpage' Name='Subref' Anchoring='48' Reference='Volume - ok'>
<Position Units='Pixels' X='154' Y='895' />
<Size Units='Pixels' Width='460' Height='100' />
<Bindings>
<Binding Id='64' Type='Digital' Property='Visible'/>
</Bindings>
</Control>
<Control Type='Subpage' Name='Subref' Reference='Off btn'>
<Position Units='Pixels' X='2' Y='911' />
<Size Units='Pixels' Width='90' Height='90' />
</Control>
</Control>
</File>
