<?xml version='1.0' encoding='ISO-8859-1' ?>
<File Type='Page' Version='5.1.0'>
<Control Type='Subpage' Name='Off - ok'>
<Position Units='Pixels' X='0' Y='0' />
<Size Units='Pixels' Width='360' Height='200' />
<VisualStyles>
<VisualStyle>
<Background>
<Color  R='0' G='0' B='0' A='0' />
</Background>
<Image Id='162' />
</VisualStyle>
</VisualStyles>
<Control Type='Button' Name='Text'>
<Position Units='Pixels' X='305' Y='32' />
<Size Units='Pixels' Width='38' Height='20' />
<VisualStyles>
<VisualStyle State='0' Mode='0'>
<Text Id='51' FontId='18' Alignment='CenterCenter' Wrap='False'>
<Color  R='1' G='1' B='1' A='1' />
</Text>
</VisualStyle>
</VisualStyles>
</Control>
<Control Type='Button' Name='Button'>
<Position Units='Pixels' X='78' Y='55' />
<Size Units='Pixels' Width='72' Height='72' />
<VisualStyles>
<VisualStyle State='0' Mode='0'>
<Face Type='2D'>
<Color  R='1' G='1' B='1' A='0' />
</Face>
<Image Id='163' Alpha='1' />
</VisualStyle>
<VisualStyle State='1' Mode='0'>
<Face Type='2D'>
<Color  R='1' G='1' B='1' A='0' />
</Face>
<Image Id='163' Alpha='1' />
</VisualStyle>
</VisualStyles>
<Bindings>
<Binding Id='6' Type='Digital' Property='State'/>
</Bindings>
<Commands>
<Command Action='TouchDown' Id='6' Type='Digital' Value='True' />
<Command Action='TouchUp' Id='6' Type='Digital' Value='False' />
</Commands>
</Control>
<Control Type='Button' Name='Button'>
<Position Units='Pixels' X='206' Y='49' />
<Size Units='Pixels' Width='88' Height='88' />
<VisualStyles>
<VisualStyle State='0' Mode='0'>
<Face Type='2D'>
<Color  R='1' G='1' B='1' A='0' />
</Face>
<Image Id='164' Alpha='1' />
</VisualStyle>
<VisualStyle State='1' Mode='0'>
<Face Type='2D'>
<Color  R='1' G='1' B='1' A='0' />
</Face>
<Image Id='164' Alpha='1' />
</VisualStyle>
</VisualStyles>
<Bindings>
<Binding Id='18' Type='Digital' Property='State'/>
</Bindings>
<Commands>
<Command Action='TouchDown' Id='18' Type='Digital' Value='True' />
<Command Action='TouchUp' Id='18' Type='Digital' Value='False' />
</Commands>
</Control>
<Control Type='Button' Name='Button'>
<Position Units='Pixels' X='308' Y='8' />
<Size Units='Pixels' Width='37' Height='43' />
<VisualStyles>
<VisualStyle State='0' Mode='0'>
<Face Type='2D'>
<Color  R='1' G='1' B='1' A='0' />
</Face>
<Text Id='66' FontId='4' Alignment='TopCenter' Wrap='False'>
<Color  R='1' G='1' B='1' A='1' />
</Text>
</VisualStyle>
<VisualStyle State='1' Mode='0'>
<Face Type='2D'>
<Color  R='1' G='1' B='1' A='0' />
</Face>
<Text Id='66' FontId='4' Alignment='TopCenter' Wrap='False'>
<Color  R='0' G='0' B='0' A='1' />
</Text>
</VisualStyle>
</VisualStyles>
<Bindings>
<Binding Id='17' Type='Digital' Property='State'/>
</Bindings>
<Commands>
<Command Action='TouchDown' Id='17' Type='Digital' Value='True' />
<Command Action='TouchUp' Id='17' Type='Digital' Value='False' />
</Commands>
</Control>
<Control Type='Button' Name='Text'>
<Position Units='Pixels' X='63' Y='133' />
<Size Units='Pixels' Width='101' Height='23' />
<VisualStyles>
<VisualStyle State='0' Mode='0'>
<Text Id='67' FontId='5' Alignment='CenterCenter' Wrap='False'>
<Color  R='1' G='1' B='1' A='1' />
</Text>
</VisualStyle>
</VisualStyles>
</Control>
<Control Type='Button' Name='Text'>
<Position Units='Pixels' X='200' Y='133' />
<Size Units='Pixels' Width='101' Height='23' />
<VisualStyles>
<VisualStyle State='0' Mode='0'>
<Text Id='68' FontId='5' Alignment='CenterCenter' Wrap='False'>
<Color  R='1' G='1' B='1' A='1' />
</Text>
</VisualStyle>
</VisualStyles>
</Control>
</Control>
</File>
