<?xml version='1.0' encoding='ISO-8859-1' ?>
<File Type='Page' Version='5.1.0'>
<Control Type='Subpage' Name='Off btn'>
<Position Units='Pixels' X='0' Y='0' />
<Size Units='Pixels' Width='90' Height='90' />
<VisualStyles>
<VisualStyle>
<Background>
<Color  R='0' G='0' B='0' A='0' />
</Background>
</VisualStyle>
</VisualStyles>
<Control Type='Button' Name='Button'>
<Position Units='Pixels' X='3' Y='4' />
<Size Units='Pixels' Width='84' Height='85' />
<VisualStyles>
<VisualStyle State='0' Mode='0'>
<Face Type='2D'>
<Color  R='1' G='1' B='1' A='0' />
</Face>
<Image Id='170' Alpha='1' />
</VisualStyle>
<VisualStyle State='1' Mode='0'>
<Face Type='2D'>
<Color  R='1' G='1' B='1' A='0' />
</Face>
<Image Id='170' Alpha='1' />
</VisualStyle>
</VisualStyles>
<Bindings>
<Binding Id='16' Type='Digital' Property='State'/>
</Bindings>
<Commands>
<Command Action='TouchDown' Id='16' Type='Digital' Value='True' />
<Command Action='TouchUp' Id='16' Type='Digital' Value='False' />
</Commands>
</Control>
</Control>
</File>
